Model,Dataset,Metric,Value,Split
TabPFN,Train,R2,0.998810,0
TabPFN,Train,RMSE,2.186731,0
TabPFN,Train,MAE,0.895477,0
TabPFN,Train,R2,0.998175,1
TabPFN,Train,RMSE,2.614665,1
TabPFN,Train,MAE,1.026827,1
TabPFN,Train,R2,0.997500,2
TabPFN,Train,RMSE,3.085188,2
TabPFN,Train,MAE,1.157983,2
TabPFN,Train,R2,0.998895,3
TabPFN,Train,RMSE,2.095889,3
TabPFN,Train,MAE,0.814310,3
TabPFN,Train,R2,0.998583,4
TabPFN,Train,RMSE,2.350629,4
TabPFN,Train,MAE,0.939430,4
TabPFN,Train,R2,0.998257,5
TabPFN,Train,RMSE,2.539893,5
TabPFN,Train,MAE,0.915705,5
TabPFN,Train,R2,0.998504,6
TabPFN,Train,RMSE,2.359238,6
TabPFN,Train,MAE,0.958793,6
TabPFN,Train,R2,0.998502,7
TabPFN,Train,RMSE,2.343400,7
TabPFN,Train,MAE,0.898985,7
TabPFN,Train,R2,0.999303,8
TabPFN,Train,RMSE,1.651505,8
TabPFN,Train,MAE,0.751294,8
TabPFN,Train,R2,0.998367,9
TabPFN,Train,RMSE,2.499476,9
TabPFN,Train,MAE,0.910759,9
TabPFN,Train,R2,0.998793,10
TabPFN,Train,RMSE,2.179403,10
TabPFN,Train,MAE,0.857863,10
TabPFN,Train,R2,0.999575,11
TabPFN,Train,RMSE,1.268734,11
TabPFN,Train,MAE,0.728523,11
TabPFN,Train,R2,0.999666,12
TabPFN,Train,RMSE,1.103479,12
TabPFN,Train,MAE,0.628465,12
TabPFN,Train,R2,0.999299,13
TabPFN,Train,RMSE,1.623897,13
TabPFN,Train,MAE,0.774410,13
TabPFN,Train,R2,0.998344,14
TabPFN,Train,RMSE,2.436139,14
TabPFN,Train,MAE,1.014216,14
TabPFN,Train,R2,0.998613,15
TabPFN,Train,RMSE,2.356600,15
TabPFN,Train,MAE,0.910925,15
TabPFN,Train,R2,0.998297,16
TabPFN,Train,RMSE,2.570756,16
TabPFN,Train,MAE,0.932145,16
TabPFN,Train,R2,0.998218,17
TabPFN,Train,RMSE,2.619681,17
TabPFN,Train,MAE,0.956115,17
TabPFN,Train,R2,0.999493,18
TabPFN,Train,RMSE,1.376953,18
TabPFN,Train,MAE,0.692824,18
TabPFN,Train,R2,0.998093,19
TabPFN,Train,RMSE,2.709663,19
TabPFN,Train,MAE,0.990673,19
TabPFN,Train,R2,0.999193,20
TabPFN,Train,RMSE,1.774986,20
TabPFN,Train,MAE,0.790329,20
TabPFN,Train,R2,0.998214,21
TabPFN,Train,RMSE,2.646595,21
TabPFN,Train,MAE,1.004276,21
TabPFN,Train,R2,0.998274,22
TabPFN,Train,RMSE,2.572709,22
TabPFN,Train,MAE,0.896541,22
TabPFN,Train,R2,0.998873,23
TabPFN,Train,RMSE,2.130826,23
TabPFN,Train,MAE,0.922415,23
TabPFN,Train,R2,0.999630,24
TabPFN,Train,RMSE,1.215735,24
TabPFN,Train,MAE,0.688346,24
TabPFN,Train,R2,0.998210,25
TabPFN,Train,RMSE,2.606791,25
TabPFN,Train,MAE,1.064014,25
TabPFN,Train,R2,0.998600,26
TabPFN,Train,RMSE,2.362503,26
TabPFN,Train,MAE,0.866487,26
TabPFN,Train,R2,0.999684,27
TabPFN,Train,RMSE,1.134043,27
TabPFN,Train,MAE,0.673441,27
TabPFN,Train,R2,0.998721,28
TabPFN,Train,RMSE,2.212829,28
TabPFN,Train,MAE,0.902704,28
TabPFN,Train,R2,0.998637,29
TabPFN,Train,RMSE,2.284385,29
TabPFN,Train,MAE,0.878640,29
TabPFN,Train,R2,0.998246,30
TabPFN,Train,RMSE,2.567722,30
TabPFN,Train,MAE,0.935332,30
TabPFN,Train,R2,0.999717,31
TabPFN,Train,RMSE,1.047591,31
TabPFN,Train,MAE,0.628058,31
TabPFN,Train,R2,0.998598,32
TabPFN,Train,RMSE,2.337499,32
TabPFN,Train,MAE,0.910291,32
TabPFN,Train,R2,0.999673,33
TabPFN,Train,RMSE,1.118295,33
TabPFN,Train,MAE,0.634693,33
TabPFN,Train,R2,0.998248,34
TabPFN,Train,RMSE,2.627462,34
TabPFN,Train,MAE,0.959872,34
TabPFN,Train,R2,0.999017,35
TabPFN,Train,RMSE,1.991257,35
TabPFN,Train,MAE,0.810786,35
TabPFN,Train,R2,0.999758,36
TabPFN,Train,RMSE,0.987431,36
TabPFN,Train,MAE,0.624531,36
TabPFN,Train,R2,0.998944,37
TabPFN,Train,RMSE,2.065153,37
TabPFN,Train,MAE,0.889211,37
TabPFN,Train,R2,0.998456,38
TabPFN,Train,RMSE,2.439375,38
TabPFN,Train,MAE,0.893401,38
TabPFN,Train,R2,0.998489,39
TabPFN,Train,RMSE,2.429789,39
TabPFN,Train,MAE,0.888157,39
TabPFN,Train,R2,0.999133,40
TabPFN,Train,RMSE,1.788662,40
TabPFN,Train,MAE,0.750939,40
TabPFN,Train,R2,0.999461,41
TabPFN,Train,RMSE,1.434380,41
TabPFN,Train,MAE,0.711879,41
TabPFN,Train,R2,0.999784,42
TabPFN,Train,RMSE,0.919651,42
TabPFN,Train,MAE,0.591534,42
TabPFN,Train,R2,0.999579,43
TabPFN,Train,RMSE,1.262668,43
TabPFN,Train,MAE,0.701700,43
TabPFN,Train,R2,0.998615,44
TabPFN,Train,RMSE,2.313519,44
TabPFN,Train,MAE,0.884961,44
TabPFN,Train,R2,0.997951,45
TabPFN,Train,RMSE,2.778359,45
TabPFN,Train,MAE,1.049780,45
TabPFN,Train,R2,0.999122,46
TabPFN,Train,RMSE,1.884423,46
TabPFN,Train,MAE,0.848008,46
TabPFN,Train,R2,0.998699,47
TabPFN,Train,RMSE,2.311313,47
TabPFN,Train,MAE,0.861871,47
TabPFN,Train,R2,0.998210,48
TabPFN,Train,RMSE,2.523731,48
TabPFN,Train,MAE,0.956783,48
TabPFN,Train,R2,0.998891,49
TabPFN,Train,RMSE,2.069338,49
TabPFN,Train,MAE,0.910811,49
TabPFN,Test,R2,0.956043,0
TabPFN,Test,RMSE,12.034402,0
TabPFN,Test,MAE,3.703014,0
TabPFN,Test,R2,0.996474,1
TabPFN,Test,RMSE,3.929157,1
TabPFN,Test,MAE,1.885421,1
TabPFN,Test,R2,0.981728,2
TabPFN,Test,RMSE,8.706204,2
TabPFN,Test,MAE,3.447130,2
TabPFN,Test,R2,0.965919,3
TabPFN,Test,RMSE,10.896415,3
TabPFN,Test,MAE,3.179461,3
TabPFN,Test,R2,0.988292,4
TabPFN,Test,RMSE,6.659845,4
TabPFN,Test,MAE,3.186535,4
TabPFN,Test,R2,0.981626,5
TabPFN,Test,RMSE,9.155143,5
TabPFN,Test,MAE,3.794811,5
TabPFN,Test,R2,0.979500,6
TabPFN,Test,RMSE,9.596548,6
TabPFN,Test,MAE,3.116178,6
TabPFN,Test,R2,0.964097,7
TabPFN,Test,RMSE,12.984821,7
TabPFN,Test,MAE,5.010900,7
TabPFN,Test,R2,0.928497,8
TabPFN,Test,RMSE,16.304576,8
TabPFN,Test,MAE,5.522286,8
TabPFN,Test,R2,0.972205,9
TabPFN,Test,RMSE,10.636437,9
TabPFN,Test,MAE,3.327084,9
TabPFN,Test,R2,0.953098,10
TabPFN,Test,RMSE,13.063096,10
TabPFN,Test,MAE,4.096711,10
TabPFN,Test,R2,0.988134,11
TabPFN,Test,RMSE,7.069186,11
TabPFN,Test,MAE,2.688066,11
TabPFN,Test,R2,0.957912,12
TabPFN,Test,RMSE,14.157491,12
TabPFN,Test,MAE,5.498093,12
TabPFN,Test,R2,0.955793,13
TabPFN,Test,RMSE,13.841549,13
TabPFN,Test,MAE,4.961303,13
TabPFN,Test,R2,0.981127,14
TabPFN,Test,RMSE,9.744100,14
TabPFN,Test,MAE,3.709708,14
TabPFN,Test,R2,0.894236,15
TabPFN,Test,RMSE,18.871482,15
TabPFN,Test,MAE,5.879131,15
TabPFN,Test,R2,0.971465,16
TabPFN,Test,RMSE,10.494925,16
TabPFN,Test,MAE,3.204555,16
TabPFN,Test,R2,0.979392,17
TabPFN,Test,RMSE,9.045639,17
TabPFN,Test,MAE,3.141766,17
TabPFN,Test,R2,0.966126,18
TabPFN,Test,RMSE,12.213747,18
TabPFN,Test,MAE,4.820677,18
TabPFN,Test,R2,0.996922,19
TabPFN,Test,RMSE,3.497819,19
TabPFN,Test,MAE,1.983851,19
TabPFN,Test,R2,0.959183,20
TabPFN,Test,RMSE,12.389760,20
TabPFN,Test,MAE,4.041260,20
TabPFN,Test,R2,0.968510,21
TabPFN,Test,RMSE,10.790316,21
TabPFN,Test,MAE,3.605916,21
TabPFN,Test,R2,0.955091,22
TabPFN,Test,RMSE,13.460108,22
TabPFN,Test,MAE,5.353483,22
TabPFN,Test,R2,0.994862,23
TabPFN,Test,RMSE,4.060334,23
TabPFN,Test,MAE,2.431152,23
TabPFN,Test,R2,0.958616,24
TabPFN,Test,RMSE,11.867142,24
TabPFN,Test,MAE,4.115960,24
TabPFN,Test,R2,0.955186,25
TabPFN,Test,RMSE,13.700968,25
TabPFN,Test,MAE,4.821635,25
TabPFN,Test,R2,0.990039,26
TabPFN,Test,RMSE,5.849175,26
TabPFN,Test,MAE,2.936741,26
TabPFN,Test,R2,0.964861,27
TabPFN,Test,RMSE,10.383607,27
TabPFN,Test,MAE,3.932442,27
TabPFN,Test,R2,0.957053,28
TabPFN,Test,RMSE,13.216345,28
TabPFN,Test,MAE,4.713211,28
TabPFN,Test,R2,0.917157,29
TabPFN,Test,RMSE,18.347172,29
TabPFN,Test,MAE,5.084168,29
TabPFN,Test,R2,0.953779,30
TabPFN,Test,RMSE,14.163988,30
TabPFN,Test,MAE,4.547243,30
TabPFN,Test,R2,0.935730,31
TabPFN,Test,RMSE,15.779790,31
TabPFN,Test,MAE,5.913820,31
TabPFN,Test,R2,0.995747,32
TabPFN,Test,RMSE,4.014194,32
TabPFN,Test,MAE,2.262313,32
TabPFN,Test,R2,0.986798,33
TabPFN,Test,RMSE,7.350616,33
TabPFN,Test,MAE,3.078471,33
TabPFN,Test,R2,0.968485,34
TabPFN,Test,RMSE,10.683034,34
TabPFN,Test,MAE,3.417953,34
TabPFN,Test,R2,0.854937,35
TabPFN,Test,RMSE,21.546632,35
TabPFN,Test,MAE,7.760212,35
TabPFN,Test,R2,0.951667,36
TabPFN,Test,RMSE,12.544005,36
TabPFN,Test,MAE,5.353957,36
TabPFN,Test,R2,0.958297,37
TabPFN,Test,RMSE,11.556748,37
TabPFN,Test,MAE,4.671010,37
TabPFN,Test,R2,0.892205,38
TabPFN,Test,RMSE,20.676819,38
TabPFN,Test,MAE,6.172337,38
TabPFN,Test,R2,0.987569,39
TabPFN,Test,RMSE,6.831442,39
TabPFN,Test,MAE,3.256708,39
TabPFN,Test,R2,0.975119,40
TabPFN,Test,RMSE,10.713645,40
TabPFN,Test,MAE,3.677659,40
TabPFN,Test,R2,0.964712,41
TabPFN,Test,RMSE,12.041563,41
TabPFN,Test,MAE,4.283256,41
TabPFN,Test,R2,0.934258,42
TabPFN,Test,RMSE,15.681228,42
TabPFN,Test,MAE,5.958012,42
TabPFN,Test,R2,0.968013,43
TabPFN,Test,RMSE,11.641565,43
TabPFN,Test,MAE,3.868849,43
TabPFN,Test,R2,0.991744,44
TabPFN,Test,RMSE,5.684777,44
TabPFN,Test,MAE,2.649636,44
TabPFN,Test,R2,0.992595,45
TabPFN,Test,RMSE,5.640138,45
TabPFN,Test,MAE,2.556324,45
TabPFN,Test,R2,0.955071,46
TabPFN,Test,RMSE,11.989191,46
TabPFN,Test,MAE,4.437148,46
TabPFN,Test,R2,0.914045,47
TabPFN,Test,RMSE,15.923694,47
TabPFN,Test,MAE,4.818621,47
TabPFN,Test,R2,0.988968,48
TabPFN,Test,RMSE,7.515516,48
TabPFN,Test,MAE,3.416493,48
TabPFN,Test,R2,0.982113,49
TabPFN,Test,RMSE,8.394037,49
TabPFN,Test,MAE,2.634731,49
GBDT,Train,R2,0.999804,0
GBDT,Train,RMSE,0.888657,0
GBDT,Train,MAE,0.469988,0
GBDT,Train,R2,0.999814,1
GBDT,Train,RMSE,0.833685,1
GBDT,Train,MAE,0.473280,1
GBDT,Train,R2,0.999664,2
GBDT,Train,RMSE,1.131835,2
GBDT,Train,MAE,0.577630,2
GBDT,Train,R2,0.999898,3
GBDT,Train,RMSE,0.637441,3
GBDT,Train,MAE,0.372628,3
GBDT,Train,R2,0.999724,4
GBDT,Train,RMSE,1.036555,4
GBDT,Train,MAE,0.476540,4
GBDT,Train,R2,0.999729,5
GBDT,Train,RMSE,1.001050,5
GBDT,Train,MAE,0.509121,5
GBDT,Train,R2,0.999766,6
GBDT,Train,RMSE,0.932953,6
GBDT,Train,MAE,0.478507,6
GBDT,Train,R2,0.999793,7
GBDT,Train,RMSE,0.871370,7
GBDT,Train,MAE,0.445450,7
GBDT,Train,R2,0.999833,8
GBDT,Train,RMSE,0.808341,8
GBDT,Train,MAE,0.483745,8
GBDT,Train,R2,0.999687,9
GBDT,Train,RMSE,1.094227,9
GBDT,Train,MAE,0.509230,9
GBDT,Train,R2,0.999707,10
GBDT,Train,RMSE,1.074249,10
GBDT,Train,MAE,0.576040,10
GBDT,Train,R2,0.999757,11
GBDT,Train,RMSE,0.958929,11
GBDT,Train,MAE,0.469089,11
GBDT,Train,R2,0.999819,12
GBDT,Train,RMSE,0.811683,12
GBDT,Train,MAE,0.474883,12
GBDT,Train,R2,0.999807,13
GBDT,Train,RMSE,0.850960,13
GBDT,Train,MAE,0.490891,13
GBDT,Train,R2,0.999842,14
GBDT,Train,RMSE,0.752668,14
GBDT,Train,MAE,0.416056,14
GBDT,Train,R2,0.999741,15
GBDT,Train,RMSE,1.017809,15
GBDT,Train,MAE,0.525687,15
GBDT,Train,R2,0.999705,16
GBDT,Train,RMSE,1.069544,16
GBDT,Train,MAE,0.495514,16
GBDT,Train,R2,0.999741,17
GBDT,Train,RMSE,0.999641,17
GBDT,Train,MAE,0.485340,17
GBDT,Train,R2,0.999746,18
GBDT,Train,RMSE,0.975101,18
GBDT,Train,MAE,0.443701,18
GBDT,Train,R2,0.999488,19
GBDT,Train,RMSE,1.403987,19
GBDT,Train,MAE,0.664296,19
GBDT,Train,R2,0.999728,20
GBDT,Train,RMSE,1.030585,20
GBDT,Train,MAE,0.568490,20
GBDT,Train,R2,0.999629,21
GBDT,Train,RMSE,1.205733,21
GBDT,Train,MAE,0.524470,21
GBDT,Train,R2,0.999762,22
GBDT,Train,RMSE,0.955406,22
GBDT,Train,MAE,0.512761,22
GBDT,Train,R2,0.999827,23
GBDT,Train,RMSE,0.835816,23
GBDT,Train,MAE,0.482683,23
GBDT,Train,R2,0.999878,24
GBDT,Train,RMSE,0.697450,24
GBDT,Train,MAE,0.408956,24
GBDT,Train,R2,0.999779,25
GBDT,Train,RMSE,0.916385,25
GBDT,Train,MAE,0.452902,25
GBDT,Train,R2,0.999760,26
GBDT,Train,RMSE,0.979224,26
GBDT,Train,MAE,0.466679,26
GBDT,Train,R2,0.999761,27
GBDT,Train,RMSE,0.985454,27
GBDT,Train,MAE,0.482188,27
GBDT,Train,R2,0.999906,28
GBDT,Train,RMSE,0.599478,28
GBDT,Train,MAE,0.407310,28
GBDT,Train,R2,0.999716,29
GBDT,Train,RMSE,1.042867,29
GBDT,Train,MAE,0.482490,29
GBDT,Train,R2,0.999789,30
GBDT,Train,RMSE,0.890535,30
GBDT,Train,MAE,0.491571,30
GBDT,Train,R2,0.999896,31
GBDT,Train,RMSE,0.634202,31
GBDT,Train,MAE,0.353650,31
GBDT,Train,R2,0.999662,32
GBDT,Train,RMSE,1.148034,32
GBDT,Train,MAE,0.536799,32
GBDT,Train,R2,0.999833,33
GBDT,Train,RMSE,0.799449,33
GBDT,Train,MAE,0.439559,33
GBDT,Train,R2,0.999769,34
GBDT,Train,RMSE,0.955033,34
GBDT,Train,MAE,0.471730,34
GBDT,Train,R2,0.999743,35
GBDT,Train,RMSE,1.018324,35
GBDT,Train,MAE,0.446385,35
GBDT,Train,R2,0.999879,36
GBDT,Train,RMSE,0.699608,36
GBDT,Train,MAE,0.400093,36
GBDT,Train,R2,0.999770,37
GBDT,Train,RMSE,0.963132,37
GBDT,Train,MAE,0.461960,37
GBDT,Train,R2,0.999704,38
GBDT,Train,RMSE,1.068633,38
GBDT,Train,MAE,0.489845,38
GBDT,Train,R2,0.999707,39
GBDT,Train,RMSE,1.070475,39
GBDT,Train,MAE,0.466686,39
GBDT,Train,R2,0.999832,40
GBDT,Train,RMSE,0.787721,40
GBDT,Train,MAE,0.409843,40
GBDT,Train,R2,0.999788,41
GBDT,Train,RMSE,0.900433,41
GBDT,Train,MAE,0.429816,41
GBDT,Train,R2,0.999917,42
GBDT,Train,RMSE,0.569338,42
GBDT,Train,MAE,0.353169,42
GBDT,Train,R2,0.999875,43
GBDT,Train,RMSE,0.687219,43
GBDT,Train,MAE,0.419111,43
GBDT,Train,R2,0.999779,44
GBDT,Train,RMSE,0.925022,44
GBDT,Train,MAE,0.491917,44
GBDT,Train,R2,0.999608,45
GBDT,Train,RMSE,1.215918,45
GBDT,Train,MAE,0.566377,45
GBDT,Train,R2,0.999819,46
GBDT,Train,RMSE,0.855921,46
GBDT,Train,MAE,0.474235,46
GBDT,Train,R2,0.999680,47
GBDT,Train,RMSE,1.146393,47
GBDT,Train,MAE,0.488658,47
GBDT,Train,R2,0.999727,48
GBDT,Train,RMSE,0.986086,48
GBDT,Train,MAE,0.547477,48
GBDT,Train,R2,0.999845,49
GBDT,Train,RMSE,0.774479,49
GBDT,Train,MAE,0.379085,49
GBDT,Test,R2,0.957285,0
GBDT,Test,RMSE,11.863173,0
GBDT,Test,MAE,6.575335,0
GBDT,Test,R2,0.971076,1
GBDT,Test,RMSE,11.254134,1
GBDT,Test,MAE,5.906407,1
GBDT,Test,R2,0.964687,2
GBDT,Test,RMSE,12.103192,2
GBDT,Test,MAE,5.996665,2
GBDT,Test,R2,0.980780,3
GBDT,Test,RMSE,8.182838,3
GBDT,Test,MAE,5.103679,3
GBDT,Test,R2,0.969818,4
GBDT,Test,RMSE,10.692874,4
GBDT,Test,MAE,6.530753,4
GBDT,Test,R2,0.964736,5
GBDT,Test,RMSE,12.683427,5
GBDT,Test,MAE,7.384812,5
GBDT,Test,R2,0.977490,6
GBDT,Test,RMSE,10.056072,6
GBDT,Test,MAE,6.468084,6
GBDT,Test,R2,0.890315,7
GBDT,Test,RMSE,22.695709,7
GBDT,Test,MAE,10.095324,7
GBDT,Test,R2,0.898706,8
GBDT,Test,RMSE,19.406171,8
GBDT,Test,MAE,8.229918,8
GBDT,Test,R2,0.948737,9
GBDT,Test,RMSE,14.444909,9
GBDT,Test,MAE,6.175909,9
GBDT,Test,R2,0.950610,10
GBDT,Test,RMSE,13.405157,10
GBDT,Test,MAE,7.391008,10
GBDT,Test,R2,0.983217,11
GBDT,Test,RMSE,8.407347,11
GBDT,Test,MAE,4.838096,11
GBDT,Test,R2,0.948514,12
GBDT,Test,RMSE,15.658453,12
GBDT,Test,MAE,7.327517,12
GBDT,Test,R2,0.921755,13
GBDT,Test,RMSE,18.414757,13
GBDT,Test,MAE,8.835750,13
GBDT,Test,R2,0.915565,14
GBDT,Test,RMSE,20.610359,14
GBDT,Test,MAE,8.872279,14
GBDT,Test,R2,0.874933,15
GBDT,Test,RMSE,20.521478,15
GBDT,Test,MAE,8.331043,15
GBDT,Test,R2,0.952903,16
GBDT,Test,RMSE,13.483055,16
GBDT,Test,MAE,6.110948,16
GBDT,Test,R2,0.955543,17
GBDT,Test,RMSE,13.285755,17
GBDT,Test,MAE,6.215695,17
GBDT,Test,R2,0.957249,18
GBDT,Test,RMSE,13.721131,18
GBDT,Test,MAE,7.114312,18
GBDT,Test,R2,0.979091,19
GBDT,Test,RMSE,9.116097,19
GBDT,Test,MAE,6.162807,19
GBDT,Test,R2,0.966516,20
GBDT,Test,RMSE,11.221801,20
GBDT,Test,MAE,6.494904,20
GBDT,Test,R2,0.938776,21
GBDT,Test,RMSE,15.045527,21
GBDT,Test,MAE,6.361131,21
GBDT,Test,R2,0.919969,22
GBDT,Test,RMSE,17.968436,22
GBDT,Test,MAE,8.630953,22
GBDT,Test,R2,0.984502,23
GBDT,Test,RMSE,7.051554,23
GBDT,Test,MAE,4.625970,23
GBDT,Test,R2,0.968734,24
GBDT,Test,RMSE,10.314875,24
GBDT,Test,MAE,5.763507,24
GBDT,Test,R2,0.927875,25
GBDT,Test,RMSE,17.381401,25
GBDT,Test,MAE,9.049180,25
GBDT,Test,R2,0.942349,26
GBDT,Test,RMSE,14.071842,26
GBDT,Test,MAE,6.918511,26
GBDT,Test,R2,0.924730,27
GBDT,Test,RMSE,15.197216,27
GBDT,Test,MAE,7.776241,27
GBDT,Test,R2,0.925952,28
GBDT,Test,RMSE,17.354154,28
GBDT,Test,MAE,8.575794,28
GBDT,Test,R2,0.896840,29
GBDT,Test,RMSE,20.473720,29
GBDT,Test,MAE,8.495216,29
GBDT,Test,R2,0.931612,30
GBDT,Test,RMSE,17.228889,30
GBDT,Test,MAE,8.197339,30
GBDT,Test,R2,0.862502,31
GBDT,Test,RMSE,23.080464,31
GBDT,Test,MAE,9.261260,31
GBDT,Test,R2,0.956224,32
GBDT,Test,RMSE,12.879012,32
GBDT,Test,MAE,8.178947,32
GBDT,Test,R2,0.980563,33
GBDT,Test,RMSE,8.919188,33
GBDT,Test,MAE,5.932946,33
GBDT,Test,R2,0.961842,34
GBDT,Test,RMSE,11.755190,34
GBDT,Test,MAE,6.226218,34
GBDT,Test,R2,0.756769,35
GBDT,Test,RMSE,27.900374,35
GBDT,Test,MAE,11.324427,35
GBDT,Test,R2,0.952157,36
GBDT,Test,RMSE,12.480277,36
GBDT,Test,MAE,8.014762,36
GBDT,Test,R2,0.903809,37
GBDT,Test,RMSE,17.551744,37
GBDT,Test,MAE,9.340663,37
GBDT,Test,R2,0.845920,38
GBDT,Test,RMSE,24.720533,38
GBDT,Test,MAE,9.262522,38
GBDT,Test,R2,0.975452,39
GBDT,Test,RMSE,9.600000,39
GBDT,Test,MAE,6.065595,39
GBDT,Test,R2,0.982467,40
GBDT,Test,RMSE,8.993421,40
GBDT,Test,MAE,6.127634,40
GBDT,Test,R2,0.921528,41
GBDT,Test,RMSE,17.956786,41
GBDT,Test,MAE,7.178699,41
GBDT,Test,R2,0.955588,42
GBDT,Test,RMSE,12.888651,42
GBDT,Test,MAE,7.710353,42
GBDT,Test,R2,0.961878,43
GBDT,Test,RMSE,12.709035,43
GBDT,Test,MAE,6.749374,43
GBDT,Test,R2,0.971827,44
GBDT,Test,RMSE,10.501361,44
GBDT,Test,MAE,6.742544,44
GBDT,Test,R2,0.990792,45
GBDT,Test,RMSE,6.289360,45
GBDT,Test,MAE,4.580597,45
GBDT,Test,R2,0.920142,46
GBDT,Test,RMSE,15.983957,46
GBDT,Test,MAE,7.899155,46
GBDT,Test,R2,0.881434,47
GBDT,Test,RMSE,18.702010,47
GBDT,Test,MAE,8.037994,47
GBDT,Test,R2,0.971342,48
GBDT,Test,RMSE,12.112987,48
GBDT,Test,MAE,8.021702,48
GBDT,Test,R2,0.988022,49
GBDT,Test,RMSE,6.869111,49
GBDT,Test,MAE,4.789248,49
RF,Train,R2,0.988982,0
RF,Train,RMSE,6.655375,0
RF,Train,MAE,3.409927,0
RF,Train,R2,0.989265,1
RF,Train,RMSE,6.341023,1
RF,Train,MAE,3.293830,1
RF,Train,R2,0.990854,2
RF,Train,RMSE,5.900966,2
RF,Train,MAE,3.304243,2
RF,Train,R2,0.988813,3
RF,Train,RMSE,6.668267,3
RF,Train,MAE,3.479789,3
RF,Train,R2,0.990656,4
RF,Train,RMSE,6.035366,4
RF,Train,MAE,3.293264,4
RF,Train,R2,0.990128,5
RF,Train,RMSE,6.043993,5
RF,Train,MAE,3.256142,5
RF,Train,R2,0.991239,6
RF,Train,RMSE,5.708867,6
RF,Train,MAE,3.224951,6
RF,Train,R2,0.992021,7
RF,Train,RMSE,5.408757,7
RF,Train,MAE,3.106516,7
RF,Train,R2,0.993711,8
RF,Train,RMSE,4.962596,8
RF,Train,MAE,3.009881,8
RF,Train,R2,0.992809,9
RF,Train,RMSE,5.244338,9
RF,Train,MAE,3.036398,9
RF,Train,R2,0.991981,10
RF,Train,RMSE,5.618391,10
RF,Train,MAE,3.146474,10
RF,Train,R2,0.992447,11
RF,Train,RMSE,5.351145,11
RF,Train,MAE,3.076294,11
RF,Train,R2,0.991899,12
RF,Train,RMSE,5.435038,12
RF,Train,MAE,3.060171,12
RF,Train,R2,0.992220,13
RF,Train,RMSE,5.408659,13
RF,Train,MAE,2.997720,13
RF,Train,R2,0.990496,14
RF,Train,RMSE,5.835199,14
RF,Train,MAE,3.288779,14
RF,Train,R2,0.992047,15
RF,Train,RMSE,5.642790,15
RF,Train,MAE,2.929360,15
RF,Train,R2,0.992844,16
RF,Train,RMSE,5.269444,16
RF,Train,MAE,3.184809,16
RF,Train,R2,0.992368,17
RF,Train,RMSE,5.422010,17
RF,Train,MAE,3.145006,17
RF,Train,R2,0.992082,18
RF,Train,RMSE,5.443653,18
RF,Train,MAE,3.072380,18
RF,Train,R2,0.990382,19
RF,Train,RMSE,6.086117,19
RF,Train,MAE,3.349410,19
RF,Train,R2,0.991253,20
RF,Train,RMSE,5.844522,20
RF,Train,MAE,3.134117,20
RF,Train,R2,0.993544,21
RF,Train,RMSE,5.031747,21
RF,Train,MAE,2.887923,21
RF,Train,R2,0.993098,22
RF,Train,RMSE,5.144945,22
RF,Train,MAE,3.003958,22
RF,Train,R2,0.991136,23
RF,Train,RMSE,5.976458,23
RF,Train,MAE,3.230687,23
RF,Train,R2,0.991446,24
RF,Train,RMSE,5.843119,24
RF,Train,MAE,3.134510,24
RF,Train,R2,0.991709,25
RF,Train,RMSE,5.610884,25
RF,Train,MAE,3.118169,25
RF,Train,R2,0.991165,26
RF,Train,RMSE,5.935143,26
RF,Train,MAE,3.235967,26
RF,Train,R2,0.992036,27
RF,Train,RMSE,5.692093,27
RF,Train,MAE,3.192543,27
RF,Train,R2,0.993323,28
RF,Train,RMSE,5.055660,28
RF,Train,MAE,2.892874,28
RF,Train,R2,0.993491,29
RF,Train,RMSE,4.991962,29
RF,Train,MAE,2.884768,29
RF,Train,R2,0.992557,30
RF,Train,RMSE,5.288697,30
RF,Train,MAE,3.139244,30
RF,Train,R2,0.993460,31
RF,Train,RMSE,5.034977,31
RF,Train,MAE,2.880884,31
RF,Train,R2,0.991244,32
RF,Train,RMSE,5.842053,32
RF,Train,MAE,3.206149,32
RF,Train,R2,0.990668,33
RF,Train,RMSE,5.971704,33
RF,Train,MAE,3.265300,33
RF,Train,R2,0.992623,34
RF,Train,RMSE,5.391667,34
RF,Train,MAE,2.970184,34
RF,Train,R2,0.994909,35
RF,Train,RMSE,4.531539,35
RF,Train,MAE,2.796106,35
RF,Train,R2,0.991903,36
RF,Train,RMSE,5.711625,36
RF,Train,MAE,3.045968,36
RF,Train,R2,0.992431,37
RF,Train,RMSE,5.527875,37
RF,Train,MAE,2.980499,37
RF,Train,R2,0.993427,38
RF,Train,RMSE,5.032200,38
RF,Train,MAE,2.982368,38
RF,Train,R2,0.991139,39
RF,Train,RMSE,5.884116,39
RF,Train,MAE,3.180590,39
RF,Train,R2,0.989676,40
RF,Train,RMSE,6.171623,40
RF,Train,MAE,3.409760,40
RF,Train,R2,0.991663,41
RF,Train,RMSE,5.641027,41
RF,Train,MAE,3.172208,41
RF,Train,R2,0.992459,42
RF,Train,RMSE,5.429951,42
RF,Train,MAE,3.058501,42
RF,Train,R2,0.991748,43
RF,Train,RMSE,5.588233,43
RF,Train,MAE,3.230427,43
RF,Train,R2,0.990908,44
RF,Train,RMSE,5.928239,44
RF,Train,MAE,3.161609,44
RF,Train,R2,0.989974,45
RF,Train,RMSE,6.145979,45
RF,Train,MAE,3.346255,45
RF,Train,R2,0.994017,46
RF,Train,RMSE,4.920419,46
RF,Train,MAE,2.784264,46
RF,Train,R2,0.993336,47
RF,Train,RMSE,5.230555,47
RF,Train,MAE,3.034471,47
RF,Train,R2,0.990078,48
RF,Train,RMSE,5.941023,48
RF,Train,MAE,3.229371,48
RF,Train,R2,0.991721,49
RF,Train,RMSE,5.653411,49
RF,Train,MAE,3.155293,49
RF,Test,R2,0.937122,0
RF,Test,RMSE,14.393239,0
RF,Test,MAE,7.559980,0
RF,Test,R2,0.968537,1
RF,Test,RMSE,11.737638,1
RF,Test,MAE,6.154967,1
RF,Test,R2,0.969022,2
RF,Test,RMSE,11.335975,2
RF,Test,MAE,6.663461,2
RF,Test,R2,0.975894,3
RF,Test,RMSE,9.164065,3
RF,Test,MAE,5.200348,3
RF,Test,R2,0.973277,4
RF,Test,RMSE,10.061525,4
RF,Test,MAE,6.875919,4
RF,Test,R2,0.959734,5
RF,Test,RMSE,13.553046,5
RF,Test,MAE,7.868690,5
RF,Test,R2,0.951316,6
RF,Test,RMSE,14.788779,6
RF,Test,MAE,8.049376,6
RF,Test,R2,0.898981,7
RF,Test,RMSE,21.780667,7
RF,Test,MAE,9.977631,7
RF,Test,R2,0.924305,8
RF,Test,RMSE,16.775754,8
RF,Test,MAE,7.856795,8
RF,Test,R2,0.943656,9
RF,Test,RMSE,15.143807,9
RF,Test,MAE,7.560474,9
RF,Test,R2,0.947564,10
RF,Test,RMSE,13.812278,10
RF,Test,MAE,7.911495,10
RF,Test,R2,0.967441,11
RF,Test,RMSE,11.709908,11
RF,Test,MAE,6.067585,11
RF,Test,R2,0.931360,12
RF,Test,RMSE,18.079740,12
RF,Test,MAE,8.536604,12
RF,Test,R2,0.927268,13
RF,Test,RMSE,17.754185,13
RF,Test,MAE,9.268013,13
RF,Test,R2,0.897870,14
RF,Test,RMSE,22.667425,14
RF,Test,MAE,10.478130,14
RF,Test,R2,0.935657,15
RF,Test,RMSE,14.719308,15
RF,Test,MAE,8.100763,15
RF,Test,R2,0.945045,16
RF,Test,RMSE,14.564498,16
RF,Test,MAE,6.627526,16
RF,Test,R2,0.952963,17
RF,Test,RMSE,13.665926,17
RF,Test,MAE,6.569042,17
RF,Test,R2,0.951578,18
RF,Test,RMSE,14.602873,18
RF,Test,MAE,8.253800,18
RF,Test,R2,0.974180,19
RF,Test,RMSE,10.130275,19
RF,Test,MAE,6.519279,19
RF,Test,R2,0.933137,20
RF,Test,RMSE,15.857455,20
RF,Test,MAE,9.442719,20
RF,Test,R2,0.935606,21
RF,Test,RMSE,15.430142,21
RF,Test,MAE,6.609573,21
RF,Test,R2,0.880531,22
RF,Test,RMSE,21.953743,22
RF,Test,MAE,11.792689,22
RF,Test,R2,0.961937,23
RF,Test,RMSE,11.051033,23
RF,Test,MAE,5.828587,23
RF,Test,R2,0.967230,24
RF,Test,RMSE,10.560057,24
RF,Test,MAE,6.684333,24
RF,Test,R2,0.913570,25
RF,Test,RMSE,19.027207,25
RF,Test,MAE,9.578876,25
RF,Test,R2,0.952024,26
RF,Test,RMSE,12.836867,26
RF,Test,MAE,6.550394,26
RF,Test,R2,0.900799,27
RF,Test,RMSE,17.446527,27
RF,Test,MAE,9.190375,27
RF,Test,R2,0.907779,28
RF,Test,RMSE,19.366957,28
RF,Test,MAE,8.884049,28
RF,Test,R2,0.890369,29
RF,Test,RMSE,21.106172,29
RF,Test,MAE,8.542796,29
RF,Test,R2,0.932769,30
RF,Test,RMSE,17.082538,30
RF,Test,MAE,8.252986,30
RF,Test,R2,0.897109,31
RF,Test,RMSE,19.965701,31
RF,Test,MAE,9.515381,31
RF,Test,R2,0.933068,32
RF,Test,RMSE,15.924965,32
RF,Test,MAE,9.141283,32
RF,Test,R2,0.980872,33
RF,Test,RMSE,8.847804,33
RF,Test,MAE,5.817644,33
RF,Test,R2,0.943312,34
RF,Test,RMSE,14.327897,34
RF,Test,MAE,7.162884,34
RF,Test,R2,0.750395,35
RF,Test,RMSE,28.263554,35
RF,Test,MAE,12.694587,35
RF,Test,R2,0.943725,36
RF,Test,RMSE,13.535468,36
RF,Test,MAE,8.600028,36
RF,Test,R2,0.895667,37
RF,Test,RMSE,18.279478,37
RF,Test,MAE,11.166448,37
RF,Test,R2,0.861858,38
RF,Test,RMSE,23.407161,38
RF,Test,MAE,9.601399,38
RF,Test,R2,0.976238,39
RF,Test,RMSE,9.445040,39
RF,Test,MAE,6.415448,39
RF,Test,R2,0.980325,40
RF,Test,RMSE,9.527072,40
RF,Test,MAE,6.771159,40
RF,Test,R2,0.928594,41
RF,Test,RMSE,17.129322,41
RF,Test,MAE,7.466519,41
RF,Test,R2,0.947168,42
RF,Test,RMSE,14.057409,42
RF,Test,MAE,8.886833,42
RF,Test,R2,0.963622,43
RF,Test,RMSE,12.414899,43
RF,Test,MAE,6.624548,43
RF,Test,R2,0.959701,44
RF,Test,RMSE,12.559626,44
RF,Test,MAE,7.825355,44
RF,Test,R2,0.986038,45
RF,Test,RMSE,7.744509,45
RF,Test,MAE,4.978600,45
RF,Test,R2,0.891909,46
RF,Test,RMSE,18.595967,46
RF,Test,MAE,9.924142,46
RF,Test,R2,0.863674,47
RF,Test,RMSE,20.053807,47
RF,Test,MAE,8.766462,47
RF,Test,R2,0.971383,48
RF,Test,RMSE,12.104257,48
RF,Test,MAE,8.454240,48
RF,Test,R2,0.980954,49
RF,Test,RMSE,8.661778,49
RF,Test,MAE,5.636238,49
XGBoost,Train,R2,0.999339,0
XGBoost,Train,RMSE,1.630520,0
XGBoost,Train,MAE,0.884378,0
XGBoost,Train,R2,0.999484,1
XGBoost,Train,RMSE,1.390520,1
XGBoost,Train,MAE,0.850476,1
XGBoost,Train,R2,0.999379,2
XGBoost,Train,RMSE,1.538179,2
XGBoost,Train,MAE,0.924225,2
XGBoost,Train,R2,0.999438,3
XGBoost,Train,RMSE,1.494217,3
XGBoost,Train,MAE,0.905913,3
XGBoost,Train,R2,0.999400,4
XGBoost,Train,RMSE,1.529825,4
XGBoost,Train,MAE,0.839284,4
XGBoost,Train,R2,0.999092,5
XGBoost,Train,RMSE,1.832652,5
XGBoost,Train,MAE,1.017490,5
XGBoost,Train,R2,0.999570,6
XGBoost,Train,RMSE,1.264672,6
XGBoost,Train,MAE,0.720908,6
XGBoost,Train,R2,0.999002,7
XGBoost,Train,RMSE,1.912568,7
XGBoost,Train,MAE,1.024505,7
XGBoost,Train,R2,0.999349,8
XGBoost,Train,RMSE,1.596238,8
XGBoost,Train,MAE,0.903580,8
XGBoost,Train,R2,0.999334,9
XGBoost,Train,RMSE,1.596371,9
XGBoost,Train,MAE,0.939293,9
XGBoost,Train,R2,0.999274,10
XGBoost,Train,RMSE,1.690552,10
XGBoost,Train,MAE,0.988802,10
XGBoost,Train,R2,0.999243,11
XGBoost,Train,RMSE,1.694395,11
XGBoost,Train,MAE,0.979426,11
XGBoost,Train,R2,0.999331,12
XGBoost,Train,RMSE,1.562025,12
XGBoost,Train,MAE,0.885702,12
XGBoost,Train,R2,0.999428,13
XGBoost,Train,RMSE,1.466441,13
XGBoost,Train,MAE,0.824689,13
XGBoost,Train,R2,0.999555,14
XGBoost,Train,RMSE,1.262501,14
XGBoost,Train,MAE,0.739187,14
XGBoost,Train,R2,0.999408,15
XGBoost,Train,RMSE,1.539043,15
XGBoost,Train,MAE,0.886920,15
XGBoost,Train,R2,0.999343,16
XGBoost,Train,RMSE,1.597261,16
XGBoost,Train,MAE,0.923527,16
XGBoost,Train,R2,0.999402,17
XGBoost,Train,RMSE,1.517167,17
XGBoost,Train,MAE,0.862381,17
XGBoost,Train,R2,0.999459,18
XGBoost,Train,RMSE,1.423344,18
XGBoost,Train,MAE,0.859449,18
XGBoost,Train,R2,0.999387,19
XGBoost,Train,RMSE,1.536622,19
XGBoost,Train,MAE,0.878318,19
XGBoost,Train,R2,0.999454,20
XGBoost,Train,RMSE,1.460506,20
XGBoost,Train,MAE,0.866905,20
XGBoost,Train,R2,0.999356,21
XGBoost,Train,RMSE,1.589305,21
XGBoost,Train,MAE,0.897441,21
XGBoost,Train,R2,0.999390,22
XGBoost,Train,RMSE,1.529209,22
XGBoost,Train,MAE,0.849646,22
XGBoost,Train,R2,0.999491,23
XGBoost,Train,RMSE,1.432328,23
XGBoost,Train,MAE,0.843934,23
XGBoost,Train,R2,0.999544,24
XGBoost,Train,RMSE,1.348522,24
XGBoost,Train,MAE,0.730187,24
XGBoost,Train,R2,0.999142,25
XGBoost,Train,RMSE,1.805261,25
XGBoost,Train,MAE,1.080478,25
XGBoost,Train,R2,0.999206,26
XGBoost,Train,RMSE,1.779182,26
XGBoost,Train,MAE,0.967960,26
XGBoost,Train,R2,0.999651,27
XGBoost,Train,RMSE,1.192325,27
XGBoost,Train,MAE,0.750037,27
XGBoost,Train,R2,0.999499,28
XGBoost,Train,RMSE,1.384841,28
XGBoost,Train,MAE,0.768648,28
XGBoost,Train,R2,0.998940,29
XGBoost,Train,RMSE,2.014611,29
XGBoost,Train,MAE,1.042586,29
XGBoost,Train,R2,0.999463,30
XGBoost,Train,RMSE,1.421240,30
XGBoost,Train,MAE,0.831821,30
XGBoost,Train,R2,0.999519,31
XGBoost,Train,RMSE,1.365073,31
XGBoost,Train,MAE,0.708319,31
XGBoost,Train,R2,0.999287,32
XGBoost,Train,RMSE,1.667554,32
XGBoost,Train,MAE,0.964736,32
XGBoost,Train,R2,0.999250,33
XGBoost,Train,RMSE,1.693259,33
XGBoost,Train,MAE,0.928336,33
XGBoost,Train,R2,0.999442,34
XGBoost,Train,RMSE,1.483218,34
XGBoost,Train,MAE,0.823748,34
XGBoost,Train,R2,0.999483,35
XGBoost,Train,RMSE,1.444159,35
XGBoost,Train,MAE,0.803149,35
XGBoost,Train,R2,0.999644,36
XGBoost,Train,RMSE,1.197973,36
XGBoost,Train,MAE,0.650393,36
XGBoost,Train,R2,0.999511,37
XGBoost,Train,RMSE,1.404689,37
XGBoost,Train,MAE,0.803058,37
XGBoost,Train,R2,0.999257,38
XGBoost,Train,RMSE,1.691969,38
XGBoost,Train,MAE,0.965365,38
XGBoost,Train,R2,0.999488,39
XGBoost,Train,RMSE,1.414389,39
XGBoost,Train,MAE,0.796087,39
XGBoost,Train,R2,0.999478,40
XGBoost,Train,RMSE,1.388319,40
XGBoost,Train,MAE,0.827560,40
XGBoost,Train,R2,0.999418,41
XGBoost,Train,RMSE,1.489886,41
XGBoost,Train,MAE,0.865283,41
XGBoost,Train,R2,0.999341,42
XGBoost,Train,RMSE,1.605770,42
XGBoost,Train,MAE,0.865021,42
XGBoost,Train,R2,0.999428,43
XGBoost,Train,RMSE,1.471405,43
XGBoost,Train,MAE,0.820168,43
XGBoost,Train,R2,0.999548,44
XGBoost,Train,RMSE,1.322102,44
XGBoost,Train,MAE,0.769373,44
XGBoost,Train,R2,0.999307,45
XGBoost,Train,RMSE,1.615516,45
XGBoost,Train,MAE,0.978922,45
XGBoost,Train,R2,0.999541,46
XGBoost,Train,RMSE,1.363234,46
XGBoost,Train,MAE,0.785961,46
XGBoost,Train,R2,0.999384,47
XGBoost,Train,RMSE,1.590154,47
XGBoost,Train,MAE,0.873409,47
XGBoost,Train,R2,0.999359,48
XGBoost,Train,RMSE,1.509807,48
XGBoost,Train,MAE,0.927407,48
XGBoost,Train,R2,0.999401,49
XGBoost,Train,RMSE,1.520044,49
XGBoost,Train,MAE,0.886342,49
XGBoost,Test,R2,0.956604,0
XGBoost,Test,RMSE,11.957295,0
XGBoost,Test,MAE,6.908952,0
XGBoost,Test,R2,0.967199,1
XGBoost,Test,RMSE,11.984577,1
XGBoost,Test,MAE,6.923249,1
XGBoost,Test,R2,0.970321,2
XGBoost,Test,RMSE,11.095802,2
XGBoost,Test,MAE,6.385871,2
XGBoost,Test,R2,0.973884,3
XGBoost,Test,RMSE,9.538446,3
XGBoost,Test,MAE,5.887096,3
XGBoost,Test,R2,0.965589,4
XGBoost,Test,RMSE,11.417363,4
XGBoost,Test,MAE,7.044550,4
XGBoost,Test,R2,0.956475,5
XGBoost,Test,RMSE,14.090856,5
XGBoost,Test,MAE,8.723752,5
XGBoost,Test,R2,0.967431,6
XGBoost,Test,RMSE,12.096049,6
XGBoost,Test,MAE,7.656362,6
XGBoost,Test,R2,0.926938,7
XGBoost,Test,RMSE,18.523202,7
XGBoost,Test,MAE,10.198062,7
XGBoost,Test,R2,0.924146,8
XGBoost,Test,RMSE,16.793304,8
XGBoost,Test,MAE,7.373059,8
XGBoost,Test,R2,0.919646,9
XGBoost,Test,RMSE,18.084840,9
XGBoost,Test,MAE,10.093774,9
XGBoost,Test,R2,0.938548,10
XGBoost,Test,RMSE,14.952759,10
XGBoost,Test,MAE,8.010828,10
XGBoost,Test,R2,0.966904,11
XGBoost,Test,RMSE,11.806068,11
XGBoost,Test,MAE,6.405154,11
XGBoost,Test,R2,0.947552,12
XGBoost,Test,RMSE,15.804066,12
XGBoost,Test,MAE,8.632427,12
XGBoost,Test,R2,0.933544,13
XGBoost,Test,RMSE,16.970914,13
XGBoost,Test,MAE,9.512440,13
XGBoost,Test,R2,0.891933,14
XGBoost,Test,RMSE,23.316901,14
XGBoost,Test,MAE,9.334166,14
XGBoost,Test,R2,0.931757,15
XGBoost,Test,RMSE,15.158786,15
XGBoost,Test,MAE,7.978996,15
XGBoost,Test,R2,0.959789,16
XGBoost,Test,RMSE,12.458465,16
XGBoost,Test,MAE,7.200886,16
XGBoost,Test,R2,0.954396,17
XGBoost,Test,RMSE,13.456162,17
XGBoost,Test,MAE,6.735201,17
XGBoost,Test,R2,0.911013,18
XGBoost,Test,RMSE,19.796054,18
XGBoost,Test,MAE,10.109483,18
XGBoost,Test,R2,0.969854,19
XGBoost,Test,RMSE,10.946047,19
XGBoost,Test,MAE,6.498227,19
XGBoost,Test,R2,0.949380,20
XGBoost,Test,RMSE,13.797552,20
XGBoost,Test,MAE,8.055116,20
XGBoost,Test,R2,0.953361,21
XGBoost,Test,RMSE,13.131735,21
XGBoost,Test,MAE,6.105836,21
XGBoost,Test,R2,0.917577,22
XGBoost,Test,RMSE,18.235005,22
XGBoost,Test,MAE,10.072998,22
XGBoost,Test,R2,0.972671,23
XGBoost,Test,RMSE,9.364021,23
XGBoost,Test,MAE,6.256910,23
XGBoost,Test,R2,0.973044,24
XGBoost,Test,RMSE,9.577627,24
XGBoost,Test,MAE,6.567577,24
XGBoost,Test,R2,0.919078,25
XGBoost,Test,RMSE,18.410939,25
XGBoost,Test,MAE,9.443718,25
XGBoost,Test,R2,0.978488,26
XGBoost,Test,RMSE,8.595783,26
XGBoost,Test,MAE,5.448706,26
XGBoost,Test,R2,0.904922,27
XGBoost,Test,RMSE,17.080176,27
XGBoost,Test,MAE,9.427025,27
XGBoost,Test,R2,0.897763,28
XGBoost,Test,RMSE,20.391534,28
XGBoost,Test,MAE,9.601677,28
XGBoost,Test,R2,0.873474,29
XGBoost,Test,RMSE,22.674206,29
XGBoost,Test,MAE,10.554223,29
XGBoost,Test,R2,0.916241,30
XGBoost,Test,RMSE,19.067006,30
XGBoost,Test,MAE,9.093783,30
XGBoost,Test,R2,0.900738,31
XGBoost,Test,RMSE,19.610413,31
XGBoost,Test,MAE,9.189610,31
XGBoost,Test,R2,0.944418,32
XGBoost,Test,RMSE,14.512053,32
XGBoost,Test,MAE,9.177032,32
XGBoost,Test,R2,0.976023,33
XGBoost,Test,RMSE,9.906197,33
XGBoost,Test,MAE,7.004486,33
XGBoost,Test,R2,0.941022,34
XGBoost,Test,RMSE,14.614386,34
XGBoost,Test,MAE,8.744585,34
XGBoost,Test,R2,0.696732,35
XGBoost,Test,RMSE,31.153983,35
XGBoost,Test,MAE,13.143765,35
XGBoost,Test,R2,0.950122,36
XGBoost,Test,RMSE,12.743032,36
XGBoost,Test,MAE,8.672652,36
XGBoost,Test,R2,0.905914,37
XGBoost,Test,RMSE,17.358648,37
XGBoost,Test,MAE,10.285204,37
XGBoost,Test,R2,0.867266,38
XGBoost,Test,RMSE,22.944343,38
XGBoost,Test,MAE,8.614949,38
XGBoost,Test,R2,0.965819,39
XGBoost,Test,RMSE,11.328029,39
XGBoost,Test,MAE,6.975387,39
XGBoost,Test,R2,0.970619,40
XGBoost,Test,RMSE,11.642257,40
XGBoost,Test,MAE,7.669222,40
XGBoost,Test,R2,0.938000,41
XGBoost,Test,RMSE,15.961260,41
XGBoost,Test,MAE,7.648246,41
XGBoost,Test,R2,0.948653,42
XGBoost,Test,RMSE,13.858545,42
XGBoost,Test,MAE,9.157931,42
XGBoost,Test,R2,0.955441,43
XGBoost,Test,RMSE,13.740179,43
XGBoost,Test,MAE,7.600752,43
XGBoost,Test,R2,0.976138,44
XGBoost,Test,RMSE,9.664648,44
XGBoost,Test,MAE,6.443661,44
XGBoost,Test,R2,0.986597,45
XGBoost,Test,RMSE,7.587880,45
XGBoost,Test,MAE,5.356044,45
XGBoost,Test,R2,0.889433,46
XGBoost,Test,RMSE,18.807727,46
XGBoost,Test,MAE,9.940688,46
XGBoost,Test,R2,0.861284,47
XGBoost,Test,RMSE,20.228863,47
XGBoost,Test,MAE,9.375486,47
XGBoost,Test,R2,0.971954,48
XGBoost,Test,RMSE,11.982992,48
XGBoost,Test,MAE,7.721180,48
XGBoost,Test,R2,0.980526,49
XGBoost,Test,RMSE,8.758455,49
XGBoost,Test,MAE,6.308757,49
LightGBM,Train,R2,0.999131,0
LightGBM,Train,RMSE,1.869512,0
LightGBM,Train,MAE,0.796863,0
LightGBM,Train,R2,0.999530,1
LightGBM,Train,RMSE,1.326519,1
LightGBM,Train,MAE,0.591376,1
LightGBM,Train,R2,0.998961,2
LightGBM,Train,RMSE,1.988916,2
LightGBM,Train,MAE,1.004843,2
LightGBM,Train,R2,0.999426,3
LightGBM,Train,RMSE,1.509900,3
LightGBM,Train,MAE,0.712406,3
LightGBM,Train,R2,0.999692,4
LightGBM,Train,RMSE,1.095068,4
LightGBM,Train,MAE,0.602023,4
LightGBM,Train,R2,0.999156,5
LightGBM,Train,RMSE,1.766875,5
LightGBM,Train,MAE,0.869997,5
LightGBM,Train,R2,0.999040,6
LightGBM,Train,RMSE,1.889860,6
LightGBM,Train,MAE,0.914905,6
LightGBM,Train,R2,0.998771,7
LightGBM,Train,RMSE,2.123190,7
LightGBM,Train,MAE,1.033270,7
LightGBM,Train,R2,0.998999,8
LightGBM,Train,RMSE,1.980190,8
LightGBM,Train,MAE,0.932002,8
LightGBM,Train,R2,0.999193,9
LightGBM,Train,RMSE,1.757113,9
LightGBM,Train,MAE,0.859928,9
LightGBM,Train,R2,0.998727,10
LightGBM,Train,RMSE,2.238536,10
LightGBM,Train,MAE,1.044074,10
LightGBM,Train,R2,0.999276,11
LightGBM,Train,RMSE,1.656899,11
LightGBM,Train,MAE,0.757058,11
LightGBM,Train,R2,0.999131,12
LightGBM,Train,RMSE,1.779583,12
LightGBM,Train,MAE,0.851401,12
LightGBM,Train,R2,0.998885,13
LightGBM,Train,RMSE,2.047876,13
LightGBM,Train,MAE,0.962901,13
LightGBM,Train,R2,0.999460,14
LightGBM,Train,RMSE,1.390670,14
LightGBM,Train,MAE,0.707118,14
LightGBM,Train,R2,0.999544,15
LightGBM,Train,RMSE,1.350815,15
LightGBM,Train,MAE,0.599609,15
LightGBM,Train,R2,0.999269,16
LightGBM,Train,RMSE,1.684652,16
LightGBM,Train,MAE,0.835741,16
LightGBM,Train,R2,0.999360,17
LightGBM,Train,RMSE,1.569938,17
LightGBM,Train,MAE,0.708957,17
LightGBM,Train,R2,0.999137,18
LightGBM,Train,RMSE,1.797180,18
LightGBM,Train,MAE,0.811537,18
LightGBM,Train,R2,0.999292,19
LightGBM,Train,RMSE,1.651020,19
LightGBM,Train,MAE,0.813506,19
LightGBM,Train,R2,0.999644,20
LightGBM,Train,RMSE,1.179133,20
LightGBM,Train,MAE,0.593719,20
LightGBM,Train,R2,0.999415,21
LightGBM,Train,RMSE,1.514250,21
LightGBM,Train,MAE,0.737347,21
LightGBM,Train,R2,0.999317,22
LightGBM,Train,RMSE,1.618684,22
LightGBM,Train,MAE,0.794382,22
LightGBM,Train,R2,0.999324,23
LightGBM,Train,RMSE,1.650295,23
LightGBM,Train,MAE,0.766941,23
LightGBM,Train,R2,0.999297,24
LightGBM,Train,RMSE,1.674712,24
LightGBM,Train,MAE,0.727064,24
LightGBM,Train,R2,0.999471,25
LightGBM,Train,RMSE,1.417429,25
LightGBM,Train,MAE,0.750876,25
LightGBM,Train,R2,0.999518,26
LightGBM,Train,RMSE,1.386460,26
LightGBM,Train,MAE,0.714259,26
LightGBM,Train,R2,0.999342,27
LightGBM,Train,RMSE,1.636121,27
LightGBM,Train,MAE,0.885970,27
LightGBM,Train,R2,0.999278,28
LightGBM,Train,RMSE,1.662572,28
LightGBM,Train,MAE,0.742316,28
LightGBM,Train,R2,0.999190,29
LightGBM,Train,RMSE,1.761459,29
LightGBM,Train,MAE,0.855055,29
LightGBM,Train,R2,0.998185,30
LightGBM,Train,RMSE,2.611487,30
LightGBM,Train,MAE,1.088321,30
LightGBM,Train,R2,0.999500,31
LightGBM,Train,RMSE,1.392530,31
LightGBM,Train,MAE,0.600807,31
LightGBM,Train,R2,0.999320,32
LightGBM,Train,RMSE,1.627500,32
LightGBM,Train,MAE,0.811318,32
LightGBM,Train,R2,0.999396,33
LightGBM,Train,RMSE,1.518862,33
LightGBM,Train,MAE,0.772114,33
LightGBM,Train,R2,0.999217,34
LightGBM,Train,RMSE,1.756664,34
LightGBM,Train,MAE,0.719410,34
LightGBM,Train,R2,0.999240,35
LightGBM,Train,RMSE,1.751341,35
LightGBM,Train,MAE,0.785321,35
LightGBM,Train,R2,0.999084,36
LightGBM,Train,RMSE,1.920626,36
LightGBM,Train,MAE,0.869545,36
LightGBM,Train,R2,0.999127,37
LightGBM,Train,RMSE,1.877229,37
LightGBM,Train,MAE,0.891425,37
LightGBM,Train,R2,0.999252,38
LightGBM,Train,RMSE,1.697211,38
LightGBM,Train,MAE,0.840278,38
LightGBM,Train,R2,0.999514,39
LightGBM,Train,RMSE,1.377785,39
LightGBM,Train,MAE,0.701119,39
LightGBM,Train,R2,0.999233,40
LightGBM,Train,RMSE,1.682342,40
LightGBM,Train,MAE,0.776225,40
LightGBM,Train,R2,0.999171,41
LightGBM,Train,RMSE,1.778477,41
LightGBM,Train,MAE,0.805314,41
LightGBM,Train,R2,0.999299,42
LightGBM,Train,RMSE,1.655971,42
LightGBM,Train,MAE,0.747080,42
LightGBM,Train,R2,0.999120,43
LightGBM,Train,RMSE,1.825227,43
LightGBM,Train,MAE,0.844646,43
LightGBM,Train,R2,0.999340,44
LightGBM,Train,RMSE,1.596873,44
LightGBM,Train,MAE,0.639260,44
LightGBM,Train,R2,0.999469,45
LightGBM,Train,RMSE,1.414644,45
LightGBM,Train,MAE,0.690676,45
LightGBM,Train,R2,0.999585,46
LightGBM,Train,RMSE,1.295406,46
LightGBM,Train,MAE,0.570504,46
LightGBM,Train,R2,0.998834,47
LightGBM,Train,RMSE,2.188072,47
LightGBM,Train,MAE,1.023316,47
LightGBM,Train,R2,0.998508,48
LightGBM,Train,RMSE,2.303648,48
LightGBM,Train,MAE,0.838692,48
LightGBM,Train,R2,0.999351,49
LightGBM,Train,RMSE,1.583051,49
LightGBM,Train,MAE,0.687826,49
LightGBM,Test,R2,0.958596,0
LightGBM,Test,RMSE,11.679715,0
LightGBM,Test,MAE,7.444140,0
LightGBM,Test,R2,0.968963,1
LightGBM,Test,RMSE,11.657817,1
LightGBM,Test,MAE,7.022019,1
LightGBM,Test,R2,0.978239,2
LightGBM,Test,RMSE,9.501147,2
LightGBM,Test,MAE,6.516563,2
LightGBM,Test,R2,0.958857,3
LightGBM,Test,RMSE,11.972160,3
LightGBM,Test,MAE,6.161771,3
LightGBM,Test,R2,0.968500,4
LightGBM,Test,RMSE,10.923781,4
LightGBM,Test,MAE,7.164860,4
LightGBM,Test,R2,0.979061,5
LightGBM,Test,RMSE,9.773378,5
LightGBM,Test,MAE,6.530182,5
LightGBM,Test,R2,0.974455,6
LightGBM,Test,RMSE,10.712551,6
LightGBM,Test,MAE,7.134790,6
LightGBM,Test,R2,0.924982,7
LightGBM,Test,RMSE,18.769502,7
LightGBM,Test,MAE,9.149220,7
LightGBM,Test,R2,0.939193,8
LightGBM,Test,RMSE,15.035685,8
LightGBM,Test,MAE,7.949570,8
LightGBM,Test,R2,0.969093,9
LightGBM,Test,RMSE,11.216128,9
LightGBM,Test,MAE,6.796474,9
LightGBM,Test,R2,0.946507,10
LightGBM,Test,RMSE,13.950837,10
LightGBM,Test,MAE,7.994978,10
LightGBM,Test,R2,0.965819,11
LightGBM,Test,RMSE,11.998120,11
LightGBM,Test,MAE,6.706312,11
LightGBM,Test,R2,0.951306,12
LightGBM,Test,RMSE,15.227990,12
LightGBM,Test,MAE,7.862843,12
LightGBM,Test,R2,0.947574,13
LightGBM,Test,RMSE,15.073364,13
LightGBM,Test,MAE,8.551854,13
LightGBM,Test,R2,0.924981,14
LightGBM,Test,RMSE,19.427210,14
LightGBM,Test,MAE,9.079926,14
LightGBM,Test,R2,0.937630,15
LightGBM,Test,RMSE,14.491843,15
LightGBM,Test,MAE,7.618278,15
LightGBM,Test,R2,0.974405,16
LightGBM,Test,RMSE,9.939675,16
LightGBM,Test,MAE,5.623595,16
LightGBM,Test,R2,0.944467,17
LightGBM,Test,RMSE,14.848829,17
LightGBM,Test,MAE,6.896128,17
LightGBM,Test,R2,0.963253,18
LightGBM,Test,RMSE,12.721159,18
LightGBM,Test,MAE,6.308436,18
LightGBM,Test,R2,0.955064,19
LightGBM,Test,RMSE,13.364041,19
LightGBM,Test,MAE,8.336353,19
LightGBM,Test,R2,0.921369,20
LightGBM,Test,RMSE,17.196490,20
LightGBM,Test,MAE,9.109293,20
LightGBM,Test,R2,0.959418,21
LightGBM,Test,RMSE,12.249377,21
LightGBM,Test,MAE,6.607498,21
LightGBM,Test,R2,0.940690,22
LightGBM,Test,RMSE,15.468395,22
LightGBM,Test,MAE,8.965228,22
LightGBM,Test,R2,0.963770,23
LightGBM,Test,RMSE,10.781756,23
LightGBM,Test,MAE,6.853798,23
LightGBM,Test,R2,0.971194,24
LightGBM,Test,RMSE,9.900790,24
LightGBM,Test,MAE,6.514079,24
LightGBM,Test,R2,0.911290,25
LightGBM,Test,RMSE,19.276556,25
LightGBM,Test,MAE,10.451468,25
LightGBM,Test,R2,0.960723,26
LightGBM,Test,RMSE,11.614972,26
LightGBM,Test,MAE,6.296191,26
LightGBM,Test,R2,0.933966,27
LightGBM,Test,RMSE,14.234337,27
LightGBM,Test,MAE,7.563008,27
LightGBM,Test,R2,0.884564,28
LightGBM,Test,RMSE,21.667857,28
LightGBM,Test,MAE,10.209467,28
LightGBM,Test,R2,0.912427,29
LightGBM,Test,RMSE,18.863719,29
LightGBM,Test,MAE,8.914910,29
LightGBM,Test,R2,0.934625,30
LightGBM,Test,RMSE,16.845108,30
LightGBM,Test,MAE,8.801756,30
LightGBM,Test,R2,0.885934,31
LightGBM,Test,RMSE,21.021990,31
LightGBM,Test,MAE,9.529438,31
LightGBM,Test,R2,0.940808,32
LightGBM,Test,RMSE,14.975988,32
LightGBM,Test,MAE,8.435793,32
LightGBM,Test,R2,0.980065,33
LightGBM,Test,RMSE,9.032540,33
LightGBM,Test,MAE,6.134517,33
LightGBM,Test,R2,0.944567,34
LightGBM,Test,RMSE,14.168305,34
LightGBM,Test,MAE,7.877727,34
LightGBM,Test,R2,0.749715,35
LightGBM,Test,RMSE,28.302041,35
LightGBM,Test,MAE,12.902715,35
LightGBM,Test,R2,0.926075,36
LightGBM,Test,RMSE,15.513591,36
LightGBM,Test,MAE,8.651293,36
LightGBM,Test,R2,0.944766,37
LightGBM,Test,RMSE,13.300167,37
LightGBM,Test,MAE,8.467513,37
LightGBM,Test,R2,0.831816,38
LightGBM,Test,RMSE,25.827230,38
LightGBM,Test,MAE,10.651151,38
LightGBM,Test,R2,0.962077,39
LightGBM,Test,RMSE,11.932046,39
LightGBM,Test,MAE,6.707761,39
LightGBM,Test,R2,0.966655,40
LightGBM,Test,RMSE,12.402690,40
LightGBM,Test,MAE,7.522358,40
LightGBM,Test,R2,0.921835,41
LightGBM,Test,RMSE,17.921656,41
LightGBM,Test,MAE,7.899576,41
LightGBM,Test,R2,0.961264,42
LightGBM,Test,RMSE,12.036983,42
LightGBM,Test,MAE,7.498659,42
LightGBM,Test,R2,0.966224,43
LightGBM,Test,RMSE,11.962645,43
LightGBM,Test,MAE,7.816681,43
LightGBM,Test,R2,0.967673,44
LightGBM,Test,RMSE,11.248877,44
LightGBM,Test,MAE,7.164411,44
LightGBM,Test,R2,0.987160,45
LightGBM,Test,RMSE,7.426900,45
LightGBM,Test,MAE,5.279034,45
LightGBM,Test,R2,0.889987,46
LightGBM,Test,RMSE,18.760547,46
LightGBM,Test,MAE,10.493084,46
LightGBM,Test,R2,0.877886,47
LightGBM,Test,RMSE,18.979790,47
LightGBM,Test,MAE,8.836406,47
LightGBM,Test,R2,0.963265,48
LightGBM,Test,RMSE,13.714130,48
LightGBM,Test,MAE,8.862829,48
LightGBM,Test,R2,0.973022,49
LightGBM,Test,RMSE,10.308826,49
LightGBM,Test,MAE,5.965344,49
GPR,Train,R2,0.985610,0
GPR,Train,RMSE,7.605805,0
GPR,Train,MAE,3.641095,0
GPR,Train,R2,0.987683,1
GPR,Train,RMSE,6.792111,1
GPR,Train,MAE,3.117080,1
GPR,Train,R2,0.984883,2
GPR,Train,RMSE,7.586514,2
GPR,Train,MAE,3.473123,2
GPR,Train,R2,0.984014,3
GPR,Train,RMSE,7.971328,3
GPR,Train,MAE,3.491288,3
GPR,Train,R2,0.988736,4
GPR,Train,RMSE,6.626462,4
GPR,Train,MAE,3.357557,4
GPR,Train,R2,0.986733,5
GPR,Train,RMSE,7.006620,5
GPR,Train,MAE,3.437096,5
GPR,Train,R2,0.991907,6
GPR,Train,RMSE,5.486947,6
GPR,Train,MAE,3.027846,6
GPR,Train,R2,0.988446,7
GPR,Train,RMSE,6.508712,7
GPR,Train,MAE,3.281692,7
GPR,Train,R2,0.984876,8
GPR,Train,RMSE,7.695531,8
GPR,Train,MAE,3.783171,8
GPR,Train,R2,0.988116,9
GPR,Train,RMSE,6.741930,9
GPR,Train,MAE,3.417566,9
GPR,Train,R2,0.979515,10
GPR,Train,RMSE,8.980068,10
GPR,Train,MAE,3.838632,10
GPR,Train,R2,0.985839,11
GPR,Train,RMSE,7.327079,11
GPR,Train,MAE,3.378963,11
GPR,Train,R2,0.989257,12
GPR,Train,RMSE,6.258751,12
GPR,Train,MAE,3.271293,12
GPR,Train,R2,0.989768,13
GPR,Train,RMSE,6.202613,13
GPR,Train,MAE,3.301949,13
GPR,Train,R2,0.989848,14
GPR,Train,RMSE,6.031124,14
GPR,Train,MAE,3.016957,14
GPR,Train,R2,0.983489,15
GPR,Train,RMSE,8.130354,15
GPR,Train,MAE,3.632183,15
GPR,Train,R2,0.987011,16
GPR,Train,RMSE,7.099418,16
GPR,Train,MAE,3.651050,16
GPR,Train,R2,0.982440,17
GPR,Train,RMSE,8.224249,17
GPR,Train,MAE,3.975640,17
GPR,Train,R2,0.984317,18
GPR,Train,RMSE,7.661040,18
GPR,Train,MAE,3.368254,18
GPR,Train,R2,0.986181,19
GPR,Train,RMSE,7.295064,19
GPR,Train,MAE,3.493744,19
GPR,Train,R2,0.988941,20
GPR,Train,RMSE,6.571943,20
GPR,Train,MAE,2.955773,20
GPR,Train,R2,0.989354,21
GPR,Train,RMSE,6.461372,21
GPR,Train,MAE,3.471638,21
GPR,Train,R2,0.989977,22
GPR,Train,RMSE,6.199913,22
GPR,Train,MAE,3.135132,22
GPR,Train,R2,0.985411,23
GPR,Train,RMSE,7.667499,23
GPR,Train,MAE,3.436227,23
GPR,Train,R2,0.989571,24
GPR,Train,RMSE,6.451602,24
GPR,Train,MAE,3.532781,24
GPR,Train,R2,0.989995,25
GPR,Train,RMSE,6.163441,25
GPR,Train,MAE,3.558499,25
GPR,Train,R2,0.988645,26
GPR,Train,RMSE,6.728528,26
GPR,Train,MAE,3.462842,26
GPR,Train,R2,0.989444,27
GPR,Train,RMSE,6.553269,27
GPR,Train,MAE,3.163485,27
GPR,Train,R2,0.991457,28
GPR,Train,RMSE,5.718564,28
GPR,Train,MAE,3.228422,28
GPR,Train,R2,0.989222,29
GPR,Train,RMSE,6.423630,29
GPR,Train,MAE,3.466818,29
GPR,Train,R2,0.988333,30
GPR,Train,RMSE,6.621445,30
GPR,Train,MAE,3.428516,30
GPR,Train,R2,0.985256,31
GPR,Train,RMSE,7.559801,31
GPR,Train,MAE,3.382399,31
GPR,Train,R2,0.994018,32
GPR,Train,RMSE,4.828701,32
GPR,Train,MAE,2.824814,32
GPR,Train,R2,0.988329,33
GPR,Train,RMSE,6.678267,33
GPR,Train,MAE,3.298656,33
GPR,Train,R2,0.988858,34
GPR,Train,RMSE,6.625977,34
GPR,Train,MAE,3.404896,34
GPR,Train,R2,0.985252,35
GPR,Train,RMSE,7.713026,35
GPR,Train,MAE,3.752811,35
GPR,Train,R2,0.983702,36
GPR,Train,RMSE,8.103207,36
GPR,Train,MAE,4.224741,36
GPR,Train,R2,0.990600,37
GPR,Train,RMSE,6.160409,37
GPR,Train,MAE,3.451257,37
GPR,Train,R2,0.985581,38
GPR,Train,RMSE,7.453409,38
GPR,Train,MAE,3.716798,38
GPR,Train,R2,0.988403,39
GPR,Train,RMSE,6.731521,39
GPR,Train,MAE,3.392175,39
GPR,Train,R2,0.987183,40
GPR,Train,RMSE,6.876605,40
GPR,Train,MAE,3.327946,40
GPR,Train,R2,0.991188,41
GPR,Train,RMSE,5.799563,41
GPR,Train,MAE,3.344816,41
GPR,Train,R2,0.987192,42
GPR,Train,RMSE,7.076565,42
GPR,Train,MAE,3.590997,42
GPR,Train,R2,0.965516,43
GPR,Train,RMSE,11.423722,43
GPR,Train,MAE,5.881513,43
GPR,Train,R2,0.989672,44
GPR,Train,RMSE,6.318503,44
GPR,Train,MAE,3.283363,44
GPR,Train,R2,0.988104,45
GPR,Train,RMSE,6.694827,45
GPR,Train,MAE,3.299778,45
GPR,Train,R2,0.989931,46
GPR,Train,RMSE,6.383180,46
GPR,Train,MAE,3.305677,46
GPR,Train,R2,0.987775,47
GPR,Train,RMSE,7.084406,47
GPR,Train,MAE,3.981490,47
GPR,Train,R2,0.985367,48
GPR,Train,RMSE,7.214909,48
GPR,Train,MAE,3.521899,48
GPR,Train,R2,0.988644,49
GPR,Train,RMSE,6.620951,49
GPR,Train,MAE,3.413345,49
GPR,Test,R2,0.926000,0
GPR,Test,RMSE,15.614425,0
GPR,Test,MAE,7.853132,0
GPR,Test,R2,0.973713,1
GPR,Test,RMSE,10.728823,1
GPR,Test,MAE,6.662644,1
GPR,Test,R2,0.938671,2
GPR,Test,RMSE,15.950136,2
GPR,Test,MAE,6.708160,2
GPR,Test,R2,0.933607,3
GPR,Test,RMSE,15.208436,3
GPR,Test,MAE,7.643127,3
GPR,Test,R2,0.980692,4
GPR,Test,RMSE,8.552317,4
GPR,Test,MAE,5.169292,4
GPR,Test,R2,0.947551,5
GPR,Test,RMSE,15.468072,5
GPR,Test,MAE,8.340388,5
GPR,Test,R2,0.919701,6
GPR,Test,RMSE,18.993168,6
GPR,Test,MAE,9.497792,6
GPR,Test,R2,0.929485,7
GPR,Test,RMSE,18.197440,7
GPR,Test,MAE,9.173339,7
GPR,Test,R2,0.904394,8
GPR,Test,RMSE,18.853377,8
GPR,Test,MAE,8.088787,8
GPR,Test,R2,0.945507,9
GPR,Test,RMSE,14.892994,9
GPR,Test,MAE,7.338750,9
GPR,Test,R2,0.954043,10
GPR,Test,RMSE,12.930932,10
GPR,Test,MAE,6.677807,10
GPR,Test,R2,0.942942,11
GPR,Test,RMSE,15.501626,11
GPR,Test,MAE,7.051806,11
GPR,Test,R2,0.903606,12
GPR,Test,RMSE,21.425414,12
GPR,Test,MAE,10.508617,12
GPR,Test,R2,0.922915,13
GPR,Test,RMSE,18.277824,13
GPR,Test,MAE,9.261631,13
GPR,Test,R2,0.923860,14
GPR,Test,RMSE,19.571784,14
GPR,Test,MAE,9.664169,14
GPR,Test,R2,0.905842,15
GPR,Test,RMSE,17.805984,15
GPR,Test,MAE,7.995162,15
GPR,Test,R2,0.950186,16
GPR,Test,RMSE,13.866458,16
GPR,Test,MAE,6.840633,16
GPR,Test,R2,0.932683,17
GPR,Test,RMSE,16.348586,17
GPR,Test,MAE,7.365457,17
GPR,Test,R2,0.936313,18
GPR,Test,RMSE,16.747082,18
GPR,Test,MAE,8.286428,18
GPR,Test,R2,0.896118,19
GPR,Test,RMSE,20.319295,19
GPR,Test,MAE,9.726978,19
GPR,Test,R2,0.828620,20
GPR,Test,RMSE,25.387649,20
GPR,Test,MAE,12.346827,20
GPR,Test,R2,0.925636,21
GPR,Test,RMSE,16.581751,21
GPR,Test,MAE,7.913754,21
GPR,Test,R2,0.894120,22
GPR,Test,RMSE,20.667501,22
GPR,Test,MAE,9.857830,22
GPR,Test,R2,0.948116,23
GPR,Test,RMSE,12.902342,23
GPR,Test,MAE,6.374885,23
GPR,Test,R2,0.964326,24
GPR,Test,RMSE,11.018077,24
GPR,Test,MAE,6.678171,24
GPR,Test,R2,0.940980,25
GPR,Test,RMSE,15.723227,25
GPR,Test,MAE,7.502272,25
GPR,Test,R2,0.906154,26
GPR,Test,RMSE,17.953778,26
GPR,Test,MAE,9.383093,26
GPR,Test,R2,0.913692,27
GPR,Test,RMSE,16.273343,27
GPR,Test,MAE,8.165524,27
GPR,Test,R2,0.895978,28
GPR,Test,RMSE,20.568820,28
GPR,Test,MAE,10.791609,28
GPR,Test,R2,0.868689,29
GPR,Test,RMSE,23.098952,29
GPR,Test,MAE,11.769322,29
GPR,Test,R2,0.919160,30
GPR,Test,RMSE,18.731767,30
GPR,Test,MAE,8.643183,30
GPR,Test,R2,0.872758,31
GPR,Test,RMSE,22.202938,31
GPR,Test,MAE,10.277916,31
GPR,Test,R2,0.946936,32
GPR,Test,RMSE,14.179610,32
GPR,Test,MAE,8.386318,32
GPR,Test,R2,0.966896,33
GPR,Test,RMSE,11.639777,33
GPR,Test,MAE,7.138817,33
GPR,Test,R2,0.917005,34
GPR,Test,RMSE,17.336465,34
GPR,Test,MAE,7.762725,34
GPR,Test,R2,0.857944,35
GPR,Test,RMSE,21.322107,35
GPR,Test,MAE,9.733237,35
GPR,Test,R2,0.922818,36
GPR,Test,RMSE,15.851689,36
GPR,Test,MAE,9.391285,36
GPR,Test,R2,0.925294,37
GPR,Test,RMSE,15.467889,37
GPR,Test,MAE,8.886515,37
GPR,Test,R2,0.863997,38
GPR,Test,RMSE,23.225180,38
GPR,Test,MAE,10.249614,38
GPR,Test,R2,0.965628,39
GPR,Test,RMSE,11.359580,39
GPR,Test,MAE,7.129121,39
GPR,Test,R2,0.964778,40
GPR,Test,RMSE,12.747069,40
GPR,Test,MAE,6.955597,40
GPR,Test,R2,0.922948,41
GPR,Test,RMSE,17.793577,41
GPR,Test,MAE,7.962215,41
GPR,Test,R2,0.936471,42
GPR,Test,RMSE,15.415048,42
GPR,Test,MAE,7.646489,42
GPR,Test,R2,0.941200,43
GPR,Test,RMSE,15.783819,43
GPR,Test,MAE,9.007569,43
GPR,Test,R2,0.912038,44
GPR,Test,RMSE,18.555701,44
GPR,Test,MAE,9.011580,44
GPR,Test,R2,0.983609,45
GPR,Test,RMSE,8.391162,45
GPR,Test,MAE,5.312389,45
GPR,Test,R2,0.832906,46
GPR,Test,RMSE,23.120859,46
GPR,Test,MAE,11.461785,46
GPR,Test,R2,0.850311,47
GPR,Test,RMSE,21.013698,47
GPR,Test,MAE,8.169278,47
GPR,Test,R2,0.968718,48
GPR,Test,RMSE,12.655437,48
GPR,Test,MAE,7.418458,48
GPR,Test,R2,0.945092,49
GPR,Test,RMSE,14.706927,49
GPR,Test,MAE,7.616906,49
SVR,Train,R2,0.989944,0
SVR,Train,RMSE,6.358032,0
SVR,Train,MAE,2.983403,0
SVR,Train,R2,0.985528,1
SVR,Train,RMSE,7.362420,1
SVR,Train,MAE,2.669581,1
SVR,Train,R2,0.980491,2
SVR,Train,RMSE,8.618403,2
SVR,Train,MAE,3.301889,2
SVR,Train,R2,0.984429,3
SVR,Train,RMSE,7.867216,3
SVR,Train,MAE,2.972370,3
SVR,Train,R2,0.983393,4
SVR,Train,RMSE,8.045974,4
SVR,Train,MAE,3.363045,4
SVR,Train,R2,0.978412,5
SVR,Train,RMSE,8.937782,5
SVR,Train,MAE,3.078601,5
SVR,Train,R2,0.993527,6
SVR,Train,RMSE,4.907212,6
SVR,Train,MAE,2.677199,6
SVR,Train,R2,0.991336,7
SVR,Train,RMSE,5.636268,7
SVR,Train,MAE,2.770425,7
SVR,Train,R2,0.991199,8
SVR,Train,RMSE,5.870465,8
SVR,Train,MAE,2.970269,8
SVR,Train,R2,0.990193,9
SVR,Train,RMSE,6.124522,9
SVR,Train,MAE,3.153862,9
SVR,Train,R2,0.991292,10
SVR,Train,RMSE,5.855051,10
SVR,Train,MAE,3.032981,10
SVR,Train,R2,0.983282,11
SVR,Train,RMSE,7.961144,11
SVR,Train,MAE,3.251982,11
SVR,Train,R2,0.988437,12
SVR,Train,RMSE,6.493313,12
SVR,Train,MAE,3.270911,12
SVR,Train,R2,0.992507,13
SVR,Train,RMSE,5.307862,13
SVR,Train,MAE,2.812161,13
SVR,Train,R2,0.990614,14
SVR,Train,RMSE,5.798991,14
SVR,Train,MAE,2.832697,14
SVR,Train,R2,0.992212,15
SVR,Train,RMSE,5.583855,15
SVR,Train,MAE,2.828229,15
SVR,Train,R2,0.991972,16
SVR,Train,RMSE,5.581313,16
SVR,Train,MAE,3.201553,16
SVR,Train,R2,0.980749,17
SVR,Train,RMSE,8.611052,17
SVR,Train,MAE,3.160772,17
SVR,Train,R2,0.982738,18
SVR,Train,RMSE,8.037579,18
SVR,Train,MAE,3.129960,18
SVR,Train,R2,0.984511,19
SVR,Train,RMSE,7.723280,19
SVR,Train,MAE,3.104216,19
SVR,Train,R2,0.985297,20
SVR,Train,RMSE,7.577728,20
SVR,Train,MAE,2.997083,20
SVR,Train,R2,0.992812,21
SVR,Train,RMSE,5.309398,21
SVR,Train,MAE,2.803771,21
SVR,Train,R2,0.990360,22
SVR,Train,RMSE,6.080536,22
SVR,Train,MAE,3.116758,22
SVR,Train,R2,0.983661,23
SVR,Train,RMSE,8.114434,23
SVR,Train,MAE,3.116435,23
SVR,Train,R2,0.982474,24
SVR,Train,RMSE,8.363686,24
SVR,Train,MAE,3.200999,24
SVR,Train,R2,0.991516,25
SVR,Train,RMSE,5.675827,25
SVR,Train,MAE,2.911353,25
SVR,Train,R2,0.991657,26
SVR,Train,RMSE,5.767421,26
SVR,Train,MAE,2.831637,26
SVR,Train,R2,0.986316,27
SVR,Train,RMSE,7.461221,27
SVR,Train,MAE,2.933733,27
SVR,Train,R2,0.991878,28
SVR,Train,RMSE,5.575810,28
SVR,Train,MAE,2.770019,28
SVR,Train,R2,0.992303,29
SVR,Train,RMSE,5.428397,29
SVR,Train,MAE,2.585015,29
SVR,Train,R2,0.985433,30
SVR,Train,RMSE,7.398858,30
SVR,Train,MAE,3.185747,30
SVR,Train,R2,0.992022,31
SVR,Train,RMSE,5.560977,31
SVR,Train,MAE,2.688348,31
SVR,Train,R2,0.984053,32
SVR,Train,RMSE,7.884155,32
SVR,Train,MAE,3.002652,32
SVR,Train,R2,0.994442,33
SVR,Train,RMSE,4.608468,33
SVR,Train,MAE,2.530368,33
SVR,Train,R2,0.980808,34
SVR,Train,RMSE,8.696438,34
SVR,Train,MAE,2.946386,34
SVR,Train,R2,0.991912,35
SVR,Train,RMSE,5.711986,35
SVR,Train,MAE,2.831360,35
SVR,Train,R2,0.985027,36
SVR,Train,RMSE,7.766763,36
SVR,Train,MAE,2.962165,36
SVR,Train,R2,0.992409,37
SVR,Train,RMSE,5.535914,37
SVR,Train,MAE,2.657758,37
SVR,Train,R2,0.990874,38
SVR,Train,RMSE,5.929767,38
SVR,Train,MAE,2.924467,38
SVR,Train,R2,0.987433,39
SVR,Train,RMSE,7.007322,39
SVR,Train,MAE,3.043830,39
SVR,Train,R2,0.980141,40
SVR,Train,RMSE,8.559671,40
SVR,Train,MAE,3.099430,40
SVR,Train,R2,0.990420,41
SVR,Train,RMSE,6.046959,41
SVR,Train,MAE,3.058808,41
SVR,Train,R2,0.989387,42
SVR,Train,RMSE,6.441487,42
SVR,Train,MAE,2.908922,42
SVR,Train,R2,0.988964,43
SVR,Train,RMSE,6.462728,43
SVR,Train,MAE,2.997359,43
SVR,Train,R2,0.969134,44
SVR,Train,RMSE,10.922993,44
SVR,Train,MAE,3.851372,44
SVR,Train,R2,0.994655,45
SVR,Train,RMSE,4.487451,45
SVR,Train,MAE,2.606650,45
SVR,Train,R2,0.993152,46
SVR,Train,RMSE,5.263857,46
SVR,Train,MAE,2.863326,46
SVR,Train,R2,0.988766,47
SVR,Train,RMSE,6.791040,47
SVR,Train,MAE,3.495184,47
SVR,Train,R2,0.986875,48
SVR,Train,RMSE,6.832947,48
SVR,Train,MAE,2.934839,48
SVR,Train,R2,0.992663,49
SVR,Train,RMSE,5.321743,49
SVR,Train,MAE,3.008964,49
SVR,Test,R2,0.923425,0
SVR,Test,RMSE,15.883759,0
SVR,Test,MAE,6.977328,0
SVR,Test,R2,0.977092,1
SVR,Test,RMSE,10.015524,1
SVR,Test,MAE,5.643010,1
SVR,Test,R2,0.898075,2
SVR,Test,RMSE,20.562332,2
SVR,Test,MAE,7.227782,2
SVR,Test,R2,0.938509,3
SVR,Test,RMSE,14.636302,3
SVR,Test,MAE,6.572531,3
SVR,Test,R2,0.963900,4
SVR,Test,RMSE,11.694232,4
SVR,Test,MAE,6.392915,4
SVR,Test,R2,0.924016,5
SVR,Test,RMSE,18.617774,5
SVR,Test,MAE,7.778347,5
SVR,Test,R2,0.910562,6
SVR,Test,RMSE,20.044802,6
SVR,Test,MAE,7.682310,6
SVR,Test,R2,0.967999,7
SVR,Test,RMSE,12.259003,7
SVR,Test,MAE,6.310602,7
SVR,Test,R2,0.824690,8
SVR,Test,RMSE,25.530035,8
SVR,Test,MAE,9.653245,8
SVR,Test,R2,0.935060,9
SVR,Test,RMSE,16.258012,9
SVR,Test,MAE,6.652408,9
SVR,Test,R2,0.936939,10
SVR,Test,RMSE,15.147131,10
SVR,Test,MAE,6.491427,10
SVR,Test,R2,0.956742,11
SVR,Test,RMSE,13.497573,11
SVR,Test,MAE,5.307427,11
SVR,Test,R2,0.860388,12
SVR,Test,RMSE,25.784980,12
SVR,Test,MAE,10.392998,12
SVR,Test,R2,0.916153,13
SVR,Test,RMSE,19.062549,13
SVR,Test,MAE,8.128250,13
SVR,Test,R2,0.969314,14
SVR,Test,RMSE,12.425040,14
SVR,Test,MAE,7.218181,14
SVR,Test,R2,0.807128,15
SVR,Test,RMSE,25.484232,15
SVR,Test,MAE,10.120748,15
SVR,Test,R2,0.923051,16
SVR,Test,RMSE,17.234271,16
SVR,Test,MAE,6.699005,16
SVR,Test,R2,0.896548,17
SVR,Test,RMSE,20.266965,17
SVR,Test,MAE,7.330152,17
SVR,Test,R2,0.946903,18
SVR,Test,RMSE,15.291581,18
SVR,Test,MAE,7.216311,18
SVR,Test,R2,0.946129,19
SVR,Test,RMSE,14.632454,19
SVR,Test,MAE,7.250730,19
SVR,Test,R2,0.768828,20
SVR,Test,RMSE,29.485568,20
SVR,Test,MAE,13.371141,20
SVR,Test,R2,0.856513,21
SVR,Test,RMSE,23.033170,21
SVR,Test,MAE,9.651707,21
SVR,Test,R2,0.862703,22
SVR,Test,RMSE,23.534843,22
SVR,Test,MAE,10.781066,22
SVR,Test,R2,0.928969,23
SVR,Test,RMSE,15.096510,23
SVR,Test,MAE,6.682557,23
SVR,Test,R2,0.958434,24
SVR,Test,RMSE,11.893195,24
SVR,Test,MAE,6.426598,24
SVR,Test,R2,0.926534,25
SVR,Test,RMSE,17.542311,25
SVR,Test,MAE,6.779346,25
SVR,Test,R2,0.870228,26
SVR,Test,RMSE,21.112461,26
SVR,Test,MAE,7.596106,26
SVR,Test,R2,0.924999,27
SVR,Test,RMSE,15.170004,27
SVR,Test,MAE,7.723008,27
SVR,Test,R2,0.878460,28
SVR,Test,RMSE,22.233436,28
SVR,Test,MAE,9.196296,28
SVR,Test,R2,0.798304,29
SVR,Test,RMSE,28.627953,29
SVR,Test,MAE,11.949844,29
SVR,Test,R2,0.883146,30
SVR,Test,RMSE,22.521039,30
SVR,Test,MAE,8.861272,30
SVR,Test,R2,0.795449,31
SVR,Test,RMSE,28.151197,31
SVR,Test,MAE,11.346757,31
SVR,Test,R2,0.964815,32
SVR,Test,RMSE,11.546201,32
SVR,Test,MAE,6.265509,32
SVR,Test,R2,0.977801,33
SVR,Test,RMSE,9.531695,33
SVR,Test,MAE,5.679649,33
SVR,Test,R2,0.856388,34
SVR,Test,RMSE,22.805029,34
SVR,Test,MAE,8.458484,34
SVR,Test,R2,0.746873,35
SVR,Test,RMSE,28.462295,35
SVR,Test,MAE,11.909726,35
SVR,Test,R2,0.918548,36
SVR,Test,RMSE,16.284235,36
SVR,Test,MAE,8.239615,36
SVR,Test,R2,0.969130,37
SVR,Test,RMSE,9.943155,37
SVR,Test,MAE,5.758871,37
SVR,Test,R2,0.757033,38
SVR,Test,RMSE,31.042654,38
SVR,Test,MAE,11.769020,38
SVR,Test,R2,0.952500,39
SVR,Test,RMSE,13.353871,39
SVR,Test,MAE,6.787675,39
SVR,Test,R2,0.951243,40
SVR,Test,RMSE,14.997598,40
SVR,Test,MAE,6.575669,40
SVR,Test,R2,0.903969,41
SVR,Test,RMSE,19.864488,41
SVR,Test,MAE,8.125233,41
SVR,Test,R2,0.844785,42
SVR,Test,RMSE,24.094876,42
SVR,Test,MAE,10.999458,42
SVR,Test,R2,0.939615,43
SVR,Test,RMSE,15.995198,43
SVR,Test,MAE,7.576085,43
SVR,Test,R2,0.904768,44
SVR,Test,RMSE,19.307269,44
SVR,Test,MAE,8.148254,44
SVR,Test,R2,0.986984,45
SVR,Test,RMSE,7.477654,45
SVR,Test,MAE,4.761597,45
SVR,Test,R2,0.726735,46
SVR,Test,RMSE,29.567592,46
SVR,Test,MAE,12.285949,46
SVR,Test,R2,0.780664,47
SVR,Test,RMSE,25.436851,47
SVR,Test,MAE,8.482965,47
SVR,Test,R2,0.986260,48
SVR,Test,RMSE,8.387305,48
SVR,Test,MAE,4.694768,48
SVR,Test,R2,0.941622,49
SVR,Test,RMSE,15.164459,49
SVR,Test,MAE,6.869632,49
