carbon_precursors,MgO_precursors,Mg_loading_method,act1_type,act2_type,carb1_type,carb2_type,post_treatment_type,SBET_m2_g,Vtotal_cm3_g,Vmicro_cm3_g,MgO_mass_ratio,temperature_C,pressure_bar,act1_temp_C,act1_duration_h,act2_temp_C,act2_duration_h,carb1_temp_C,carb1_duration_h,carb2_temp_C,carb2_duration_h,Vmeso_cm3_g,microporosity,MgO_surface_density,T_lnP,inv_T_K
12.0,0.0,2.0,3.0,1.0,3.0,2.0,2.0,760.0,0.56,0.222,0.03,25.0,0.15,700.0,1.4,700.0,1.0,600.0,1.0,600.0,2.0,0.3380000000000001,0.3964285714285714,0.039473684210526314,-45.81453659370776,0.0033540164346805303
12.0,0.0,2.0,3.0,1.0,3.0,2.0,3.0,741.0,0.421,0.221,0.03,25.0,0.15,700.0,1.4,700.0,1.0,600.0,1.0,600.0,2.0,0.19999999999999998,0.5249406175771971,0.04048582995951417,-45.81453659370776,0.0033540164346805303
12.0,0.0,2.0,3.0,1.0,3.0,2.0,2.0,760.0,0.801,0.164,0.1,25.0,0.15,700.0,1.4,700.0,1.0,600.0,1.0,600.0,2.0,0.637,0.20474406991260924,0.13157894736842105,-45.81453659370776,0.0033540164346805303
12.0,0.0,2.0,3.0,1.0,3.0,2.0,2.0,760.0,0.801,0.164,0.1,100.0,0.15,700.0,1.4,700.0,1.0,600.0,1.0,600.0,2.0,0.637,0.20474406991260924,0.13157894736842105,-183.25814637483103,0.0026798874447273215
12.0,0.0,2.0,3.0,1.0,3.0,2.0,3.0,676.0,0.547,0.17,0.1,25.0,0.15,700.0,1.4,700.0,1.0,600.0,1.0,600.0,2.0,0.377,0.31078610603290674,0.14792899408284024,-45.81453659370776,0.0033540164346805303
12.0,0.0,2.0,3.0,1.0,0.0,2.0,2.0,743.0,0.403,0.197,0.03,25.0,0.15,700.0,1.4,700.0,1.0,325.0,4.0,600.0,2.0,0.20600000000000002,0.48883374689826303,0.040376850605652756,-45.81453659370776,0.0033540164346805303
12.0,0.0,2.0,3.0,1.0,0.0,2.0,3.0,667.0,0.348,0.191,0.03,25.0,0.15,700.0,1.4,700.0,1.0,325.0,4.0,600.0,2.0,0.15699999999999997,0.5488505747126438,0.04497751124437781,-45.81453659370776,0.0033540164346805303
12.0,0.0,2.0,3.0,1.0,0.0,2.0,2.0,671.0,0.449,0.139,0.1,25.0,0.15,700.0,1.4,700.0,1.0,325.0,4.0,600.0,2.0,0.31,0.30957683741648107,0.14903129657228018,-45.81453659370776,0.0033540164346805303
12.0,0.0,2.0,3.0,1.0,0.0,2.0,3.0,651.0,0.337,0.173,0.1,25.0,0.15,700.0,1.4,700.0,1.0,325.0,4.0,600.0,2.0,0.16400000000000003,0.5133531157270029,0.15360983102918588,-45.81453659370776,0.0033540164346805303
12.0,0.0,2.0,3.0,1.0,0.0,2.0,3.0,760.0,0.399,0.232,0.03,25.0,0.15,700.0,1.4,700.0,1.0,325.0,4.0,600.0,2.0,0.167,0.581453634085213,0.039473684210526314,-45.81453659370776,0.0033540164346805303
12.0,0.0,2.0,3.0,1.0,0.0,2.0,3.0,615.0,0.496,0.147,0.1,25.0,0.15,700.0,1.4,700.0,1.0,325.0,4.0,600.0,2.0,0.349,0.29637096774193544,0.1626016260162602,-45.81453659370776,0.0033540164346805303
5.0,4.0,0.0,0.0,1.0,0.0,2.0,0.0,12.39,0.13,0.13,0.0526,30.0,1.0,600.0,2.0,700.0,1.0,800.0,1.0,600.0,2.0,0.0,1.0,4.245359160613398,0.29850992559504275,0.003298697014679202
5.0,4.0,0.0,2.0,1.0,0.0,2.0,0.0,10.21,0.22,0.19,0.0526,30.0,1.0,700.0,2.0,700.0,1.0,800.0,1.0,600.0,2.0,0.03,0.8636363636363636,5.15181194906954,0.29850992559504275,0.003298697014679202
5.0,4.0,0.0,0.0,1.0,0.0,2.0,0.0,12.39,0.13,0.13,0.0526,50.0,1.0,600.0,2.0,700.0,1.0,800.0,1.0,600.0,2.0,0.0,1.0,4.245359160613398,0.4975165426584046,0.0030945381401825778
5.0,4.0,0.0,0.0,1.0,0.0,2.0,0.0,12.39,0.13,0.13,0.0526,75.0,1.0,600.0,2.0,700.0,1.0,800.0,1.0,600.0,2.0,0.0,1.0,4.245359160613398,0.7462748139876069,0.002872325147206664
5.0,4.0,0.0,0.0,1.0,0.0,2.0,0.0,12.39,0.13,0.13,0.0526,100.0,1.0,600.0,2.0,700.0,1.0,800.0,1.0,600.0,2.0,0.0,1.0,4.245359160613398,0.9950330853168092,0.0026798874447273215
5.0,4.0,0.0,0.0,1.0,0.0,2.0,0.0,12.39,0.13,0.13,0.0526,30.0,5.0,600.0,2.0,700.0,1.0,800.0,1.0,600.0,2.0,0.0,1.0,4.245359160613398,48.3430774529032,0.003298697014679202
5.0,4.0,0.0,0.0,1.0,0.0,2.0,0.0,12.39,0.13,0.13,0.0526,30.0,10.0,600.0,2.0,700.0,1.0,800.0,1.0,600.0,2.0,0.0,1.0,4.245359160613398,69.10753779981387,0.003298697014679202
5.0,4.0,0.0,0.0,1.0,0.0,2.0,0.0,12.39,0.13,0.13,0.0526,30.0,15.0,600.0,2.0,700.0,1.0,800.0,1.0,600.0,2.0,0.0,1.0,4.245359160613398,81.26149936936112,0.003298697014679202
11.0,0.0,2.0,2.0,1.0,0.0,0.0,0.0,292.002,0.157,0.118,0.0829,25.0,1.0,700.0,2.0,700.0,1.0,900.0,1.5,500.0,0.25,0.03900000000000001,0.751592356687898,0.28390216505366406,0.2487582713292023,0.0033540164346805303
11.0,0.0,2.0,2.0,1.0,0.0,0.0,0.0,292.002,0.157,0.118,0.0829,30.0,1.0,700.0,2.0,700.0,1.0,900.0,1.5,500.0,0.25,0.03900000000000001,0.751592356687898,0.28390216505366406,0.29850992559504275,0.003298697014679202
11.0,0.0,2.0,2.0,1.0,0.0,0.0,0.0,292.002,0.157,0.118,0.0829,40.0,1.0,700.0,2.0,700.0,1.0,900.0,1.5,500.0,0.25,0.03900000000000001,0.751592356687898,0.28390216505366406,0.3980132341267237,0.003193357815743254
11.0,0.0,2.0,2.0,1.0,0.0,0.0,0.0,292.002,0.157,0.118,0.0829,50.0,1.0,700.0,2.0,700.0,1.0,900.0,1.5,500.0,0.25,0.03900000000000001,0.751592356687898,0.28390216505366406,0.4975165426584046,0.0030945381401825778
11.0,0.0,2.0,2.0,1.0,0.0,0.0,0.0,292.002,0.157,0.118,0.0829,70.0,1.0,700.0,2.0,700.0,1.0,900.0,1.5,500.0,0.25,0.03900000000000001,0.751592356687898,0.28390216505366406,0.6965231597217665,0.002914177473408131
11.0,0.0,2.0,2.0,1.0,0.0,0.0,0.0,728.7268527607363,0.4376441717791411,0.2832914268402391,0.1658,30.0,1.0,700.0,2.0,700.0,1.0,900.0,1.5,500.0,0.25,0.154352744938902,0.6473099497442942,0.22752009119998398,0.29850992559504275,0.003298697014679202
11.0,0.0,2.0,2.0,1.0,0.0,0.0,0.0,728.7268527607363,0.4376441717791411,0.28445387878926376,0.3316,30.0,1.0,700.0,2.0,700.0,1.0,900.0,1.5,500.0,0.25,0.15319029298987735,0.6499661074723841,0.45504018239996796,0.29850992559504275,0.003298697014679202
11.0,0.0,2.0,1.0,0.0,0.0,2.0,0.0,1623.0,1.43,0.44,0.15,25.0,1.0,230.0,1.5,700.0,1.0,600.0,2.0,600.0,2.0,0.99,0.3076923076923077,0.09242144177449167,0.2487582713292023,0.0033540164346805303
11.0,0.0,2.0,1.0,0.0,0.0,2.0,0.0,728.7268527607363,0.4376441717791411,0.28289055710745215,0.15,25.0,1.0,230.0,1.5,700.0,1.0,500.0,2.0,600.0,2.0,0.15475361467168897,0.6463939779145831,0.20583844197827258,0.2487582713292023,0.0033540164346805303
11.0,0.0,2.0,1.0,0.0,0.0,2.0,0.0,728.7268527607363,0.4376441717791411,0.28289055710745215,0.15,25.0,1.0,230.0,1.5,700.0,1.0,700.0,2.0,600.0,2.0,0.15475361467168897,0.6463939779145831,0.20583844197827258,0.2487582713292023,0.0033540164346805303
11.0,0.0,2.0,1.0,0.0,0.0,2.0,0.0,728.7268527607363,0.4376441717791411,0.28289055710745215,0.15,25.0,1.0,230.0,1.5,700.0,1.0,800.0,2.0,600.0,2.0,0.15475361467168897,0.6463939779145831,0.20583844197827258,0.2487582713292023,0.0033540164346805303
11.0,0.0,2.0,1.0,0.0,0.0,2.0,0.0,728.7268527607363,0.4376441717791411,0.28289055710745215,0.15,25.0,1.0,230.0,1.5,700.0,1.0,700.0,1.5,600.0,2.0,0.15475361467168897,0.6463939779145831,0.20583844197827258,0.2487582713292023,0.0033540164346805303
11.0,0.0,2.0,1.0,0.0,0.0,2.0,0.0,728.7268527607363,0.4376441717791411,0.28289055710745215,0.15,25.0,1.0,230.0,1.5,700.0,1.0,700.0,2.5,600.0,2.0,0.15475361467168897,0.6463939779145831,0.20583844197827258,0.2487582713292023,0.0033540164346805303
11.0,0.0,2.0,1.0,0.0,0.0,2.0,0.0,728.7268527607363,0.4376441717791411,0.28289055710745215,0.15,25.0,1.0,230.0,1.5,700.0,1.0,700.0,3.0,600.0,2.0,0.15475361467168897,0.6463939779145831,0.20583844197827258,0.2487582713292023,0.0033540164346805303
11.0,2.0,2.0,1.0,0.0,0.0,2.0,0.0,728.7268527607363,0.4376441717791411,0.28289055710745215,0.15,25.0,1.0,230.0,1.5,700.0,1.0,700.0,2.5,600.0,2.0,0.15475361467168897,0.6463939779145831,0.20583844197827258,0.2487582713292023,0.0033540164346805303
11.0,1.0,2.0,1.0,0.0,0.0,2.0,0.0,728.7268527607363,0.4376441717791411,0.28289055710745215,0.15,25.0,1.0,230.0,1.5,700.0,1.0,700.0,2.5,600.0,2.0,0.15475361467168897,0.6463939779145831,0.20583844197827258,0.2487582713292023,0.0033540164346805303
4.0,4.0,2.0,0.0,1.0,0.0,2.0,0.0,418.0,0.294,0.1668780313749026,0.2271,25.0,1.0,850.0,2.0,700.0,1.0,700.0,1.5,600.0,2.0,0.1271219686250974,0.567612351615315,0.5433014354066986,0.2487582713292023,0.0033540164346805303
4.0,4.0,2.0,0.0,1.0,0.0,2.0,0.0,418.0,0.294,0.16832849762645533,0.2271,50.0,1.0,850.0,2.0,700.0,1.0,700.0,1.5,600.0,2.0,0.12567150237354466,0.5725459102940658,0.5433014354066986,0.4975165426584046,0.0030945381401825778
4.0,4.0,2.0,0.0,1.0,0.0,2.0,0.0,418.0,0.294,0.16977896387800803,0.2271,75.0,1.0,850.0,2.0,700.0,1.0,700.0,1.5,600.0,2.0,0.12422103612199195,0.5774794689728164,0.5433014354066986,0.7462748139876069,0.002872325147206664
4.0,4.0,2.0,0.0,1.0,0.0,2.0,0.0,418.0,0.294,0.17283282704837835,0.2271,25.0,1.5,850.0,2.0,700.0,1.0,700.0,1.5,600.0,2.0,0.12116717295162163,0.5878667586679536,0.5433014354066986,10.302741270670825,0.0033540164346805303
4.0,4.0,2.0,0.0,1.0,0.0,2.0,0.0,418.0,0.294,0.17428329329993109,0.2271,50.0,1.5,850.0,2.0,700.0,1.0,700.0,1.5,600.0,2.0,0.1197167067000689,0.5928003173467044,0.5433014354066986,20.60548254134165,0.0030945381401825778
4.0,4.0,2.0,0.0,1.0,0.0,2.0,0.0,418.0,0.294,0.1757337595514838,0.2271,75.0,1.5,850.0,2.0,700.0,1.0,700.0,1.5,600.0,2.0,0.11826624044851619,0.5977338760254551,0.5433014354066986,30.908223812012473,0.002872325147206664
4.0,4.0,2.0,0.0,1.0,0.0,2.0,0.0,418.0,0.294,0.17878762272185414,0.2271,25.0,2.0,850.0,2.0,700.0,1.0,700.0,1.5,600.0,2.0,0.11521237727814584,0.6081211657205924,0.5433014354066986,17.453368051774607,0.0033540164346805303
4.0,4.0,2.0,0.0,1.0,0.0,2.0,0.0,418.0,0.294,0.18023808897340687,0.2271,50.0,2.0,850.0,2.0,700.0,1.0,700.0,1.5,600.0,2.0,0.11376191102659311,0.6130547243993432,0.5433014354066986,34.906736103549214,0.0030945381401825778
4.0,4.0,2.0,0.0,1.0,0.0,2.0,0.0,418.0,0.294,0.18168855522495958,0.2271,75.0,2.0,850.0,2.0,700.0,1.0,700.0,1.5,600.0,2.0,0.1123114447750404,0.6179882830780938,0.5433014354066986,52.36010415532382,0.002872325147206664
4.0,4.0,2.0,0.0,1.0,0.0,2.0,0.0,418.0,0.294,0.1847424183953299,0.2271,25.0,2.5,850.0,2.0,700.0,1.0,700.0,1.5,600.0,2.0,0.10925758160467008,0.628375572773231,0.5433014354066986,23.00706882859231,0.0033540164346805303
4.0,4.0,2.0,0.0,1.0,0.0,2.0,0.0,418.0,0.294,0.18619288464688263,0.2271,50.0,2.5,850.0,2.0,700.0,1.0,700.0,1.5,600.0,2.0,0.10780711535311735,0.6333091314519818,0.5433014354066986,46.01413765718462,0.0030945381401825778
4.0,4.0,2.0,0.0,1.0,0.0,2.0,0.0,418.0,0.294,0.18764335089843534,0.2271,75.0,2.5,850.0,2.0,700.0,1.0,700.0,1.5,600.0,2.0,0.10635664910156464,0.6382426901307325,0.5433014354066986,69.02120648577693,0.002872325147206664
4.0,4.0,2.0,0.0,1.0,0.0,2.0,0.0,418.0,0.294,0.1906972140688057,0.2271,25.0,3.0,850.0,2.0,700.0,1.0,700.0,1.5,600.0,2.0,0.1033027859311943,0.6486299798258697,0.5433014354066986,27.548501969019608,0.0033540164346805303
4.0,4.0,2.0,0.0,1.0,0.0,2.0,0.0,418.0,0.294,0.19214768032035842,0.2271,50.0,3.0,850.0,2.0,700.0,1.0,700.0,1.5,600.0,2.0,0.10185231967964156,0.6535635385046206,0.5433014354066986,55.097003938039215,0.0030945381401825778
4.0,4.0,2.0,0.0,1.0,0.0,2.0,0.0,418.0,0.294,0.19359814657191113,0.2271,75.0,3.0,850.0,2.0,700.0,1.0,700.0,1.5,600.0,2.0,0.10040185342808886,0.6584970971833712,0.5433014354066986,82.64550590705882,0.002872325147206664
4.0,4.0,2.0,0.0,1.0,0.0,2.0,0.0,418.0,0.294,0.19665200974228145,0.2271,25.0,3.5,850.0,2.0,700.0,1.0,700.0,1.5,600.0,2.0,0.09734799025771854,0.6688843868785084,0.5433014354066986,31.390400936944356,0.0033540164346805303
4.0,4.0,2.0,0.0,1.0,0.0,2.0,0.0,418.0,0.294,0.19810247599383418,0.2271,50.0,3.5,850.0,2.0,700.0,1.0,700.0,1.5,600.0,2.0,0.0958975240061658,0.6738179455572592,0.5433014354066986,62.78080187388871,0.0030945381401825778
4.0,4.0,2.0,0.0,1.0,0.0,2.0,0.0,418.0,0.294,0.1995529422453869,0.2271,75.0,3.5,850.0,2.0,700.0,1.0,700.0,1.5,600.0,2.0,0.0944470577546131,0.6787515042360098,0.5433014354066986,94.17120281083307,0.002872325147206664
4.0,4.0,2.0,0.0,1.0,0.0,2.0,0.0,418.0,0.294,0.2026068054157572,0.2271,25.0,4.0,850.0,2.0,700.0,1.0,700.0,1.5,600.0,2.0,0.09139319458424278,0.689138793931147,0.5433014354066986,34.71978103296195,0.0033540164346805303
4.0,4.0,2.0,0.0,1.0,0.0,2.0,0.0,418.0,0.294,0.20405727166730997,0.2271,50.0,4.0,850.0,2.0,700.0,1.0,700.0,1.5,600.0,2.0,0.08994272833269001,0.6940723526098979,0.5433014354066986,69.4395620659239,0.0030945381401825778
4.0,4.0,2.0,0.0,1.0,0.0,2.0,0.0,418.0,0.294,0.20550773791886268,0.2271,75.0,4.0,850.0,2.0,700.0,1.0,700.0,1.5,600.0,2.0,0.08849226208113731,0.6990059112886486,0.5433014354066986,104.15934309888583,0.002872325147206664
4.0,4.0,2.0,0.0,1.0,0.0,2.0,0.0,418.0,0.294,0.208561601089233,0.2271,25.0,4.5,850.0,2.0,700.0,1.0,700.0,1.5,600.0,2.0,0.08543839891076699,0.7093932009837858,0.5433014354066986,37.65742883786468,0.0033540164346805303
4.0,4.0,2.0,0.0,1.0,0.0,2.0,0.0,418.0,0.294,0.21001206734078573,0.2271,50.0,4.5,850.0,2.0,700.0,1.0,700.0,1.5,600.0,2.0,0.08398793265921425,0.7143267596625366,0.5433014354066986,75.31485767572936,0.0030945381401825778
4.0,4.0,2.0,0.0,1.0,0.0,2.0,0.0,418.0,0.294,0.21146253359233844,0.2271,75.0,4.5,850.0,2.0,700.0,1.0,700.0,1.5,600.0,2.0,0.08253746640766155,0.7192603183412872,0.5433014354066986,112.97228651359403,0.002872325147206664
4.0,4.0,2.0,0.0,1.0,0.0,2.0,0.0,418.0,0.294,0.21451639676270876,0.2271,25.0,5.0,850.0,2.0,700.0,1.0,700.0,1.5,600.0,2.0,0.07948360323729123,0.7296476080364244,0.5433014354066986,40.28589787741934,0.0033540164346805303
4.0,4.0,2.0,0.0,1.0,0.0,2.0,0.0,418.0,0.294,0.2159668630142615,0.2271,50.0,5.0,850.0,2.0,700.0,1.0,700.0,1.5,600.0,2.0,0.0780331369857385,0.7345811667151751,0.5433014354066986,80.57179575483867,0.0030945381401825778
4.0,4.0,2.0,0.0,1.0,0.0,2.0,0.0,418.0,0.294,0.2174173292658142,0.2271,75.0,5.0,850.0,2.0,700.0,1.0,700.0,1.5,600.0,2.0,0.07658267073418579,0.7395147253939259,0.5433014354066986,120.857693632258,0.002872325147206664
10.0,2.0,2.0,2.0,1.0,0.0,2.0,0.0,32.2,0.23,0.007355782759157638,0.2547,200.0,1.0,700.0,2.0,700.0,1.0,600.0,2.0,600.0,2.0,0.22264421724084238,0.0319816641702506,7.909937888198757,1.9900661706336185,0.002113494663425975
2.0,2.0,2.0,2.0,1.0,0.0,2.0,0.0,9.8,0.07,0.03185767768028763,0.2523,200.0,1.0,700.0,2.0,700.0,1.0,600.0,2.0,600.0,2.0,0.038142322319712374,0.45510968114696615,25.74489795918367,1.9900661706336185,0.002113494663425975
7.0,2.0,2.0,2.0,1.0,0.0,2.0,0.0,39.5,0.12,0.03550896955790456,0.3222,200.0,1.0,700.0,2.0,700.0,1.0,600.0,2.0,600.0,2.0,0.08449103044209544,0.2959080796492047,8.156962025316455,1.9900661706336185,0.002113494663425975
8.0,2.0,2.0,2.0,1.0,0.0,2.0,0.0,28.4,0.16,0.02128425358694723,0.3033,200.0,1.0,700.0,2.0,700.0,1.0,600.0,2.0,600.0,2.0,0.1387157464130528,0.13302658491842018,10.679577464788734,1.9900661706336185,0.002113494663425975
10.0,2.0,2.0,2.0,1.0,0.0,2.0,0.0,32.2,0.23,0.0,0.2547,25.0,1.0,700.0,2.0,700.0,1.0,600.0,2.0,600.0,2.0,0.23,0.0,7.909937888198757,0.2487582713292023,0.0033540164346805303
2.0,2.0,2.0,2.0,1.0,0.0,2.0,0.0,9.8,0.07,0.021704413919418578,0.2523,25.0,1.0,700.0,2.0,700.0,1.0,600.0,2.0,600.0,2.0,0.04829558608058143,0.3100630559916939,25.74489795918367,0.2487582713292023,0.0033540164346805303
7.0,2.0,2.0,2.0,1.0,0.0,2.0,0.0,39.5,0.12,0.0253557057970355,0.3222,25.0,1.0,700.0,2.0,700.0,1.0,600.0,2.0,600.0,2.0,0.0946442942029645,0.21129754830862918,8.156962025316455,0.2487582713292023,0.0033540164346805303
8.0,2.0,2.0,2.0,1.0,0.0,2.0,0.0,28.4,0.16,0.011130989826078172,0.3033,25.0,1.0,700.0,2.0,700.0,1.0,600.0,2.0,600.0,2.0,0.14886901017392185,0.06956868641298858,10.679577464788734,0.2487582713292023,0.0033540164346805303
7.0,2.0,2.0,2.0,1.0,0.0,2.0,0.0,43.81,0.09,0.042918596003844525,0.1446,200.0,1.0,700.0,2.0,700.0,1.0,600.0,2.0,600.0,2.0,0.04708140399615547,0.47687328893160585,3.3006162976489386,1.9900661706336185,0.002113494663425975
7.0,2.0,2.0,2.0,1.0,0.0,2.0,0.0,29.35,0.08,0.04044657674818656,0.4616,200.0,1.0,700.0,2.0,700.0,1.0,600.0,2.0,600.0,2.0,0.03955342325181344,0.505582209352332,15.727427597955707,1.9900661706336185,0.002113494663425975
7.0,2.0,2.0,2.0,1.0,0.0,2.0,0.0,23.84,0.08,0.04025510086467461,0.809,200.0,1.0,700.0,2.0,700.0,1.0,600.0,2.0,600.0,2.0,0.03974489913532539,0.5031887608084327,33.93456375838927,1.9900661706336185,0.002113494663425975
6.0,0.0,2.0,2.0,1.0,0.0,0.0,0.0,504.58,0.277,0.182,0.0829,30.0,1.0,700.0,2.0,700.0,1.0,900.0,1.5,500.0,0.25,0.09500000000000003,0.6570397111913356,0.1642950572753577,0.29850992559504275,0.003298697014679202
6.0,5.0,2.0,2.0,1.0,0.0,0.0,0.0,728.7268527607363,0.4376441717791411,0.28271020086572674,0.0829,30.0,1.0,700.0,2.0,700.0,1.0,900.0,1.5,500.0,0.25,0.15493397091341438,0.6459818708802492,0.11376004559999199,0.29850992559504275,0.003298697014679202
6.0,3.0,2.0,2.0,1.0,0.0,0.0,0.0,728.7268527607363,0.4376441717791411,0.28271020086572674,0.0829,30.0,1.0,700.0,2.0,700.0,1.0,900.0,1.5,500.0,0.25,0.15493397091341438,0.6459818708802492,0.11376004559999199,0.29850992559504275,0.003298697014679202
6.0,1.0,2.0,2.0,1.0,0.0,0.0,0.0,728.7268527607363,0.4376441717791411,0.28271020086572674,0.0829,30.0,1.0,700.0,2.0,700.0,1.0,900.0,1.5,500.0,0.25,0.15493397091341438,0.6459818708802492,0.11376004559999199,0.29850992559504275,0.003298697014679202
6.0,0.0,2.0,2.0,1.0,0.0,0.0,0.0,504.58,0.277,0.182,0.0498,30.0,1.0,700.0,2.0,700.0,1.0,900.0,1.5,500.0,0.25,0.09500000000000003,0.6570397111913356,0.09869594514249473,0.29850992559504275,0.003298697014679202
6.0,0.0,2.0,2.0,1.0,0.0,0.0,0.0,504.58,0.277,0.182,0.1161,30.0,1.0,700.0,2.0,700.0,1.0,900.0,1.5,500.0,0.25,0.09500000000000003,0.6570397111913356,0.23009235403702086,0.29850992559504275,0.003298697014679202
6.0,0.0,2.0,2.0,1.0,0.0,0.0,0.0,504.58,0.277,0.182,0.0829,40.0,1.0,700.0,2.0,700.0,1.0,900.0,1.5,500.0,0.25,0.09500000000000003,0.6570397111913356,0.1642950572753577,0.3980132341267237,0.003193357815743254
6.0,0.0,2.0,2.0,1.0,0.0,0.0,0.0,504.58,0.277,0.182,0.0829,50.0,1.0,700.0,2.0,700.0,1.0,900.0,1.5,500.0,0.25,0.09500000000000003,0.6570397111913356,0.1642950572753577,0.4975165426584046,0.0030945381401825778
6.0,0.0,2.0,2.0,1.0,0.0,0.0,0.0,504.58,0.277,0.182,0.0829,60.0,1.0,700.0,2.0,700.0,1.0,900.0,1.5,500.0,0.25,0.09500000000000003,0.6570397111913356,0.1642950572753577,0.5970198511900855,0.0030016509079994
6.0,0.0,2.0,2.0,1.0,0.0,0.0,0.0,504.58,0.277,0.182,0.0829,70.0,1.0,700.0,2.0,700.0,1.0,900.0,1.5,500.0,0.25,0.09500000000000003,0.6570397111913356,0.1642950572753577,0.6965231597217665,0.002914177473408131
4.0,4.0,2.0,0.0,1.0,0.0,2.0,0.0,418.0,0.294,0.2164297449948489,0.5,25.0,5.0,850.0,2.0,700.0,1.0,700.0,1.5,600.0,2.0,0.07757025500515108,0.7361555952205745,1.1961722488038278,40.28589787741934,0.0033540164346805303
4.0,4.0,2.0,0.0,1.0,0.0,2.0,0.0,418.0,0.294,0.19406102855249857,0.5,50.0,3.0,850.0,2.0,700.0,1.0,700.0,1.5,600.0,2.0,0.09993897144750141,0.6600715256887707,1.1961722488038278,55.097003938039215,0.0030945381401825778
4.0,4.0,2.0,0.0,1.0,0.0,2.0,0.0,418.0,0.294,0.19611256801869473,0.5,85.36,3.0,850.0,2.0,700.0,1.0,700.0,1.5,600.0,2.0,0.09788743198130526,0.6670495510839957,1.1961722488038278,94.06160512302054,0.0027893224735711696
4.0,4.0,2.0,0.0,1.0,0.0,2.0,0.0,418.0,0.294,0.17169231211014818,0.5,75.0,1.0,850.0,2.0,700.0,1.0,700.0,1.5,600.0,2.0,0.1223076878898518,0.5839874561569667,1.1961722488038278,0.7462748139876069,0.002872325147206664
4.0,4.0,2.0,0.0,1.0,0.0,2.0,0.0,418.0,0.294,0.21933067749795435,0.5,75.0,5.0,850.0,2.0,700.0,1.0,700.0,1.5,600.0,2.0,0.07466932250204564,0.7460227125780761,1.1961722488038278,120.857693632258,0.002872325147206664
4.0,4.0,2.0,0.0,1.0,0.0,2.0,0.0,418.0,0.294,0.16879137960704274,0.5,25.0,1.0,850.0,2.0,700.0,1.0,700.0,1.5,600.0,2.0,0.12520862039295724,0.5741203387994651,1.1961722488038278,0.2487582713292023,0.0033540164346805303
4.0,4.0,2.0,0.0,1.0,0.0,2.0,0.0,418.0,0.294,0.1603568850406257,0.5,50.0,0.17,850.0,2.0,700.0,1.0,700.0,1.5,600.0,2.0,0.13364311495937428,0.5454315817708357,1.1961722488038278,-85.73992140459633,0.0030945381401825778
4.0,4.0,2.0,0.0,1.0,0.0,2.0,0.0,418.0,0.294,0.1920094890863024,0.5,14.64,3.0,850.0,2.0,700.0,1.0,700.0,1.5,600.0,2.0,0.1019905109136976,0.6530935002935456,1.1961722488038278,16.13240275305788,0.003474755898398138
4.0,4.0,2.0,0.0,1.0,0.0,2.0,0.0,418.0,0.294,0.22776517206437144,0.5,50.0,5.83,850.0,2.0,700.0,1.0,700.0,1.5,600.0,2.0,0.06623482793562854,0.7747114696067057,1.1961722488038278,88.23653984200678,0.0030945381401825778
4.0,4.0,2.0,0.0,1.0,0.0,2.0,0.0,418.0,0.294,0.16045466566417665,0.5,25.0,0.3,850.0,2.0,700.0,1.0,700.0,1.5,600.0,2.0,0.13354533433582333,0.545764168925771,1.1961722488038278,-29.279574537573627,0.0033540164346805303
4.0,4.0,2.0,0.0,1.0,0.0,2.0,0.0,418.0,0.294,0.16640946133765244,0.5,25.0,0.8,850.0,2.0,700.0,1.0,700.0,1.5,600.0,2.0,0.12759053866234754,0.5660185759784097,1.1961722488038278,-5.268025782891313,0.0033540164346805303
4.0,4.0,2.0,0.0,1.0,0.0,2.0,0.0,418.0,0.294,0.17355521614582337,0.5,25.0,1.4,850.0,2.0,700.0,1.0,700.0,1.5,600.0,2.0,0.12044478385417662,0.5903238644415761,1.1961722488038278,8.589742609751921,0.0033540164346805303
4.0,4.0,2.0,0.0,1.0,0.0,2.0,0.0,418.0,0.294,0.1830828892233846,0.5,25.0,2.2,850.0,2.0,700.0,1.0,700.0,1.5,600.0,2.0,0.1109171107766154,0.622730915725798,1.1961722488038278,19.824812888241535,0.0033540164346805303
4.0,4.0,2.0,0.0,1.0,0.0,2.0,0.0,418.0,0.294,0.1902286440315555,0.5,25.0,2.8,850.0,2.0,700.0,1.0,700.0,1.5,600.0,2.0,0.10377135596844447,0.6470362041889643,1.1961722488038278,25.829612083641358,0.0033540164346805303
4.0,4.0,2.0,0.0,1.0,0.0,2.0,0.0,418.0,0.294,0.19737439883972643,0.5,25.0,3.4,850.0,2.0,700.0,1.0,700.0,1.5,600.0,2.0,0.09662560116027355,0.6713414926521307,1.1961722488038278,30.667807282385635,0.0033540164346805303
4.0,4.0,2.0,0.0,1.0,0.0,2.0,0.0,418.0,0.294,0.20571111278259252,0.5,25.0,4.1,850.0,2.0,700.0,1.0,700.0,1.5,600.0,2.0,0.08828888721740746,0.699697662525825,1.1961722488038278,35.33557571270357,0.0033540164346805303
4.0,4.0,2.0,0.0,1.0,0.0,2.0,0.0,418.0,0.294,0.21285686759076344,0.5,25.0,4.7,850.0,2.0,700.0,1.0,700.0,1.5,600.0,2.0,0.08114313240923654,0.7240029509889914,1.1961722488038278,38.74219770070816,0.0033540164346805303
4.0,4.0,2.0,0.0,1.0,0.0,2.0,0.0,418.0,0.294,0.22000262239893437,0.5,25.0,5.3,850.0,2.0,700.0,1.0,700.0,1.5,600.0,2.0,0.07399737760106562,0.7483082394521577,1.1961722488038278,41.73979588134619,0.0033540164346805303
4.0,4.0,2.0,0.0,1.0,0.0,2.0,0.0,418.0,0.294,0.1619051319157294,0.5,50.0,0.3,850.0,2.0,700.0,1.0,700.0,1.5,600.0,2.0,0.1320948680842706,0.5506977276045217,1.1961722488038278,-58.55914907514725,0.0030945381401825778
4.0,4.0,2.0,0.0,1.0,0.0,2.0,0.0,418.0,0.294,0.16785992758920518,0.5,50.0,0.8,850.0,2.0,700.0,1.0,700.0,1.5,600.0,2.0,0.1261400724107948,0.5709521346571605,1.1961722488038278,-10.536051565782627,0.0030945381401825778
4.0,4.0,2.0,0.0,1.0,0.0,2.0,0.0,418.0,0.294,0.1750056823973761,0.5,50.0,1.4,850.0,2.0,700.0,1.0,700.0,1.5,600.0,2.0,0.11899431760262388,0.5952574231203269,1.1961722488038278,17.179485219503842,0.0030945381401825778
4.0,4.0,2.0,0.0,1.0,0.0,2.0,0.0,418.0,0.294,0.18453335547493732,0.5,50.0,2.2,850.0,2.0,700.0,1.0,700.0,1.5,600.0,2.0,0.10946664452506266,0.6276644744045488,1.1961722488038278,39.64962577648307,0.0030945381401825778
4.0,4.0,2.0,0.0,1.0,0.0,2.0,0.0,418.0,0.294,0.19167911028310824,0.5,50.0,2.8,850.0,2.0,700.0,1.0,700.0,1.5,600.0,2.0,0.10232088971689174,0.6519697628677151,1.1961722488038278,51.659224167282716,0.0030945381401825778
4.0,4.0,2.0,0.0,1.0,0.0,2.0,0.0,418.0,0.294,0.19882486509127917,0.5,50.0,3.4,850.0,2.0,700.0,1.0,700.0,1.5,600.0,2.0,0.09517513490872082,0.6762750513308816,1.1961722488038278,61.33561456477127,0.0030945381401825778
4.0,4.0,2.0,0.0,1.0,0.0,2.0,0.0,418.0,0.294,0.20716157903414525,0.5,50.0,4.1,850.0,2.0,700.0,1.0,700.0,1.5,600.0,2.0,0.08683842096585473,0.7046312212045758,1.1961722488038278,70.67115142540715,0.0030945381401825778
4.0,4.0,2.0,0.0,1.0,0.0,2.0,0.0,418.0,0.294,0.21430733384231618,0.5,50.0,4.7,850.0,2.0,700.0,1.0,700.0,1.5,600.0,2.0,0.0796926661576838,0.7289365096677421,1.1961722488038278,77.48439540141632,0.0030945381401825778
4.0,4.0,2.0,0.0,1.0,0.0,2.0,0.0,418.0,0.294,0.2214530886504871,0.5,50.0,5.3,850.0,2.0,700.0,1.0,700.0,1.5,600.0,2.0,0.07254691134951288,0.7532417981309085,1.1961722488038278,83.47959176269238,0.0030945381401825778
4.0,4.0,2.0,0.0,1.0,0.0,2.0,0.0,418.0,0.294,0.1633555981672821,0.5,75.0,0.3,850.0,2.0,700.0,1.0,700.0,1.5,600.0,2.0,0.1306444018327179,0.5556312862832725,1.1961722488038278,-87.83872361272088,0.002872325147206664
4.0,4.0,2.0,0.0,1.0,0.0,2.0,0.0,418.0,0.294,0.16931039384075788,0.5,75.0,0.8,850.0,2.0,700.0,1.0,700.0,1.5,600.0,2.0,0.1246896061592421,0.5758856933359112,1.1961722488038278,-15.80407734867394,0.002872325147206664
4.0,4.0,2.0,0.0,1.0,0.0,2.0,0.0,418.0,0.294,0.1764561486489288,0.5,75.0,1.4,850.0,2.0,700.0,1.0,700.0,1.5,600.0,2.0,0.11754385135107118,0.6001909817990776,1.1961722488038278,25.769227829255765,0.002872325147206664
4.0,4.0,2.0,0.0,1.0,0.0,2.0,0.0,418.0,0.294,0.18598382172649003,0.5,75.0,2.2,850.0,2.0,700.0,1.0,700.0,1.5,600.0,2.0,0.10801617827350996,0.6325980330832994,1.1961722488038278,59.47443866472461,0.002872325147206664
4.0,4.0,2.0,0.0,1.0,0.0,2.0,0.0,418.0,0.294,0.19312957653466095,0.5,75.0,2.8,850.0,2.0,700.0,1.0,700.0,1.5,600.0,2.0,0.10087042346533903,0.6569033215464659,1.1961722488038278,77.48883625092407,0.002872325147206664
4.0,4.0,2.0,0.0,1.0,0.0,2.0,0.0,418.0,0.294,0.20027533134283187,0.5,75.0,3.4,850.0,2.0,700.0,1.0,700.0,1.5,600.0,2.0,0.09372466865716811,0.6812086100096323,1.1961722488038278,92.0034218471569,0.002872325147206664
4.0,4.0,2.0,0.0,1.0,0.0,2.0,0.0,418.0,0.294,0.20861204528569796,0.5,75.0,4.1,850.0,2.0,700.0,1.0,700.0,1.5,600.0,2.0,0.08538795471430202,0.7095647798833264,1.1961722488038278,106.00672713811073,0.002872325147206664
4.0,4.0,2.0,0.0,1.0,0.0,2.0,0.0,418.0,0.294,0.21575780009386888,0.5,75.0,4.7,850.0,2.0,700.0,1.0,700.0,1.5,600.0,2.0,0.0782421999061311,0.7338700683464928,1.1961722488038278,116.22659310212448,0.002872325147206664
4.0,4.0,2.0,0.0,1.0,0.0,2.0,0.0,418.0,0.294,0.2229035549020398,0.5,75.0,5.3,850.0,2.0,700.0,1.0,700.0,1.5,600.0,2.0,0.07109644509796018,0.7581753568096593,1.1961722488038278,125.21938764403856,0.002872325147206664
4.0,4.0,2.0,0.0,1.0,0.0,2.0,0.0,418.0,0.294,0.19699570080590081,0.5,39.0,3.3,850.0,2.0,700.0,1.0,700.0,1.5,600.0,2.0,0.09700429919409917,0.6700534041017034,1.1961722488038278,46.68097938616989,0.0032035880185808108
9.0,2.0,2.0,2.0,1.0,1.0,2.0,0.0,279.0,0.14,0.13967767837133405,0.513,80.0,1.0,700.0,2.0,700.0,1.0,500.0,1.0,600.0,2.0,0.0003223216286659669,0.997697702652386,1.8387096774193548,0.7960264682534474,0.002831657935721365
9.0,2.0,2.0,2.0,1.0,1.0,2.0,0.0,306.0,0.156,0.1490313214611921,0.513,80.0,1.0,700.0,2.0,700.0,1.0,600.0,1.0,600.0,2.0,0.006968678538807893,0.9553289837255904,1.6764705882352942,0.7960264682534474,0.002831657935721365
9.0,2.0,2.0,2.0,1.0,1.0,2.0,0.0,298.0,0.152,0.146096913351151,0.513,80.0,1.0,700.0,2.0,700.0,1.0,700.0,1.0,600.0,2.0,0.005903086648849004,0.9611639036259934,1.721476510067114,0.7960264682534474,0.002831657935721365
9.0,2.0,2.0,2.0,1.0,1.0,2.0,0.0,306.0,0.156,0.14729644778703493,0.513,50.098,1.0,700.0,2.0,700.0,1.0,600.0,1.0,600.0,2.0,0.008703552212965066,0.9442079986348393,1.6764705882352942,0.4984916750820151,0.0030935999604019206
9.0,2.0,2.0,2.0,1.0,1.0,2.0,0.0,306.0,0.156,0.1473678687452614,0.513,51.329,1.0,700.0,2.0,700.0,1.0,600.0,1.0,600.0,2.0,0.008632131254738606,0.9446658252901371,1.6764705882352942,0.510740532362265,0.003081863541246121
9.0,2.0,2.0,2.0,1.0,1.0,2.0,0.0,306.0,0.156,0.14747003958802077,0.513,53.09,1.0,700.0,2.0,700.0,1.0,600.0,1.0,600.0,2.0,0.008529960411979232,0.9453207665898767,1.6764705882352942,0.528263064994694,0.003065228052967141
9.0,2.0,2.0,2.0,1.0,1.0,2.0,0.0,306.0,0.156,0.1475722684494302,0.513,54.852,1.0,700.0,2.0,700.0,1.0,600.0,1.0,600.0,2.0,0.008427731550569806,0.9459760798040397,1.6764705882352942,0.5457955479579761,0.0030487618977933064
9.0,2.0,2.0,2.0,1.0,1.0,2.0,0.0,306.0,0.156,0.14764368940765665,0.513,56.083,1.0,700.0,2.0,700.0,1.0,600.0,1.0,600.0,2.0,0.008356310592343347,0.9464339064593376,1.6764705882352942,0.5580444052382261,0.003037362597309505
9.0,2.0,2.0,2.0,1.0,1.0,2.0,0.0,306.0,0.156,0.14774586025041603,0.513,57.844,1.0,700.0,2.0,700.0,1.0,600.0,1.0,600.0,2.0,0.008254139749583972,0.9470888477590771,1.6764705882352942,0.5755669378706552,0.0030212028012592375
9.0,2.0,2.0,2.0,1.0,1.0,2.0,0.0,306.0,0.156,0.14784808911182548,0.513,59.606,1.0,700.0,2.0,700.0,1.0,600.0,1.0,600.0,2.0,0.008151910888174518,0.9477441609732402,1.6764705882352942,0.5930994208339373,0.0030052050150861293
9.0,2.0,2.0,2.0,1.0,1.0,2.0,0.0,306.0,0.156,0.14792972135246285,0.513,61.013,1.0,700.0,2.0,700.0,1.0,600.0,1.0,600.0,2.0,0.008070278647537149,0.9482674445670696,1.6764705882352942,0.6070995363443448,0.002992551539218885
9.0,2.0,2.0,2.0,1.0,1.0,2.0,0.0,306.0,0.156,0.1480216809128113,0.513,62.598,1.0,700.0,2.0,700.0,1.0,600.0,1.0,600.0,2.0,0.007978319087188712,0.9488569289282774,1.6764705882352942,0.6228708107466162,0.0029784242944112848
9.0,2.0,2.0,2.0,1.0,1.0,2.0,0.0,306.0,0.156,0.1480930438523877,0.513,63.828,1.0,700.0,2.0,700.0,1.0,600.0,1.0,600.0,2.0,0.007906956147612304,0.9493143836691519,1.6764705882352942,0.635109717696013,0.002967552777926156
9.0,2.0,2.0,2.0,1.0,1.0,2.0,0.0,306.0,0.156,0.14828752236739587,0.513,67.18,1.0,700.0,2.0,700.0,1.0,600.0,1.0,600.0,2.0,0.007712477632604131,0.9505610408166402,1.6764705882352942,0.6684632267158325,0.0029383245673317076
9.0,2.0,2.0,2.0,1.0,1.0,2.0,0.0,306.0,0.156,0.14848194286375402,0.513,70.531,1.0,700.0,2.0,700.0,1.0,600.0,1.0,600.0,2.0,0.007518057136245981,0.9518073260497052,1.6764705882352942,0.7018067854047988,0.002909674960210195
9.0,2.0,2.0,2.0,1.0,1.0,2.0,0.0,306.0,0.156,0.14889190264509286,0.513,77.597,1.0,700.0,2.0,700.0,1.0,600.0,1.0,600.0,2.0,0.007108097354907139,0.9544352733659799,1.6764705882352942,0.7721158232132844,0.00285105788502824
9.0,2.0,2.0,2.0,1.0,1.0,2.0,0.0,306.0,0.156,0.14927134461649907,0.513,84.137,1.0,700.0,2.0,700.0,1.0,600.0,1.0,600.0,2.0,0.0067286553835009255,0.9568675936955069,1.6764705882352942,0.8371909869930038,0.0027988703759162805
9.0,2.0,2.0,2.0,1.0,1.0,2.0,0.0,306.0,0.156,0.1496817685470384,0.513,91.211,1.0,700.0,2.0,700.0,1.0,600.0,1.0,600.0,2.0,0.006318231452961592,0.9594985163271693,1.6764705882352942,0.9075796274483148,0.00274453083617621
9.0,2.0,2.0,2.0,1.0,1.0,2.0,0.0,306.0,0.156,0.15006144259304485,0.513,97.755,1.0,700.0,2.0,700.0,1.0,600.0,1.0,600.0,2.0,0.005938557406955147,0.9619323243143901,1.6764705882352942,0.9726945925514467,0.002696108167859695
9.0,2.0,2.0,2.0,1.0,1.0,2.0,0.0,306.0,0.156,0.1504720405795344,0.513,104.832,1.0,700.0,2.0,700.0,1.0,600.0,1.0,600.0,2.0,0.005527959420465606,0.964564362689323,1.6764705882352942,1.0431130839993175,0.0026456286278182563
9.0,2.0,2.0,2.0,1.0,1.0,2.0,0.0,306.0,0.156,0.15085183066284097,0.513,111.378,1.0,700.0,2.0,700.0,1.0,600.0,1.0,600.0,2.0,0.005148169337159031,0.9669989145053908,1.6764705882352942,1.1082479497641557,0.002600590854242084
9.0,2.0,2.0,2.0,1.0,1.0,2.0,0.0,306.0,0.156,0.15126237063068046,0.513,118.454,1.0,700.0,2.0,700.0,1.0,600.0,1.0,600.0,2.0,0.00473762936931954,0.9696305809659004,1.6764705882352942,1.1786564908811732,0.0025536000653721617
9.0,2.0,2.0,2.0,1.0,1.0,2.0,0.0,306.0,0.156,0.15165243001504802,0.513,125.177,1.0,700.0,2.0,700.0,1.0,600.0,1.0,600.0,2.0,0.004347569984951977,0.9721309616349232,1.6764705882352942,1.2455525652070223,0.002510500166948261
9.0,2.0,2.0,2.0,1.0,1.0,2.0,0.0,306.0,0.156,0.1520580383976322,0.513,132.168,1.0,700.0,2.0,700.0,1.0,600.0,1.0,600.0,2.0,0.003941961602367788,0.9747310153694373,1.6764705882352942,1.3151153282015204,0.0024671985946836806
9.0,2.0,2.0,2.0,1.0,1.0,2.0,0.0,306.0,0.156,0.15246126801556387,0.513,139.118,1.0,700.0,2.0,700.0,1.0,600.0,1.0,600.0,2.0,0.003538731984436133,0.9773158206125889,1.6764705882352942,1.3842701276310385,0.00242560664422172
9.0,2.0,2.0,2.0,1.0,1.0,2.0,0.0,306.0,0.156,0.15284303073297256,0.513,145.698,1.0,700.0,2.0,700.0,1.0,600.0,1.0,600.0,2.0,0.0031569692670274374,0.9797630175190549,1.6764705882352942,1.4497433046448847,0.0023875009550003825
9.0,2.0,2.0,2.0,1.0,1.0,2.0,0.0,306.0,0.156,0.15323297408004,0.513,152.419,1.0,700.0,2.0,700.0,1.0,600.0,1.0,600.0,2.0,0.0027670259199600034,0.9822626543592308,1.6764705882352942,1.5166194783090274,0.002349795215346983
9.0,2.0,2.0,2.0,1.0,1.0,2.0,0.0,306.0,0.156,0.15363318672816842,0.513,159.317,1.0,700.0,2.0,700.0,1.0,600.0,1.0,600.0,2.0,0.0023668132718315804,0.9848281200523616,1.6764705882352942,1.585256860534181,0.002312315159306953
9.0,2.0,2.0,2.0,1.0,1.0,2.0,0.0,306.0,0.156,0.15404622149796057,0.513,166.436,1.0,700.0,2.0,700.0,1.0,600.0,1.0,600.0,2.0,0.001953778502039427,0.9874757788330806,1.6764705882352942,1.6560932658778846,0.0022748677164422886
9.0,2.0,2.0,2.0,1.0,1.0,2.0,0.0,306.0,0.156,0.15442583752531694,0.513,172.979,1.0,700.0,2.0,700.0,1.0,600.0,1.0,600.0,2.0,0.0015741624746830607,0.9899092149058778,1.6764705882352942,1.7211982806501636,0.0022415041389373925
9.0,2.0,2.0,2.0,1.0,1.0,2.0,0.0,306.0,0.156,0.15481833369298711,0.513,179.744,1.0,700.0,2.0,700.0,1.0,600.0,1.0,600.0,2.0,0.0011816663070128852,0.9924252159806867,1.6764705882352942,1.7885122688718456,0.002208022186206927
9.0,2.0,2.0,2.0,1.0,1.0,2.0,0.0,306.0,0.156,0.1552082190214045,0.513,186.464,1.0,700.0,2.0,700.0,1.0,600.0,1.0,600.0,2.0,0.0007917809785955021,0.994924480906439,1.6764705882352942,1.855378492205135,0.0021757387721000666
9.0,2.0,2.0,2.0,1.0,1.0,2.0,0.0,306.0,0.156,0.15561342127343825,0.513,193.448,1.0,700.0,2.0,700.0,1.0,600.0,1.0,600.0,2.0,0.00038657872656175374,0.9975219312399888,1.6764705882352942,1.9248716028836612,0.0021431724953814633
9.0,2.0,2.0,2.0,1.0,1.0,2.0,0.0,306.0,0.156,0.156,0.513,200.521,1.0,700.0,2.0,700.0,1.0,600.0,1.0,600.0,2.0,0.0,1.0,1.6764705882352942,1.9952502930081188,0.0021111699892963683
9.0,2.0,2.0,2.0,1.0,1.0,2.0,0.0,306.0,0.156,0.156,0.513,207.152,1.0,700.0,2.0,700.0,1.0,600.0,1.0,600.0,2.0,0.0,1.0,1.6764705882352942,2.0612309368954764,0.002082023393614851
9.0,2.0,2.0,2.0,1.0,1.0,2.0,0.0,306.0,0.156,0.156,0.513,213.959,1.0,700.0,2.0,700.0,1.0,600.0,1.0,600.0,2.0,0.0,1.0,1.6764705882352942,2.128962839012992,0.0020529286053018935
9.0,2.0,2.0,2.0,1.0,1.0,2.0,0.0,306.0,0.156,0.156,0.513,220.944,1.0,700.0,2.0,700.0,1.0,600.0,1.0,600.0,2.0,0.0,1.0,1.6764705882352942,2.198465900022371,0.0020239063821863856
9.0,2.0,2.0,2.0,1.0,1.0,2.0,0.0,306.0,0.156,0.156,0.513,227.751,1.0,700.0,2.0,700.0,1.0,600.0,1.0,600.0,2.0,0.0,1.0,1.6764705882352942,2.266197802139886,0.0019964024827261277
9.0,2.0,2.0,2.0,1.0,1.0,2.0,0.0,306.0,0.156,0.156,0.513,234.646,1.0,700.0,2.0,700.0,1.0,600.0,1.0,600.0,2.0,0.0,1.0,1.6764705882352942,2.33480533337248,0.0019692947561619233
9.0,2.0,2.0,2.0,1.0,1.0,2.0,0.0,306.0,0.156,0.156,0.513,241.099,1.0,700.0,2.0,700.0,1.0,600.0,1.0,600.0,2.0,0.0,1.0,1.6764705882352942,2.3990148183679736,0.001944583266083162
9.0,2.0,2.0,2.0,1.0,1.0,2.0,0.0,306.0,0.156,0.156,0.513,247.994,1.0,700.0,2.0,700.0,1.0,600.0,1.0,600.0,2.0,0.0,1.0,1.6764705882352942,2.4676223496005676,0.0019188554411064887
9.0,2.0,2.0,2.0,1.0,1.0,2.0,0.0,306.0,0.156,0.156,0.513,254.978,1.0,700.0,2.0,700.0,1.0,600.0,1.0,600.0,2.0,0.0,1.0,1.6764705882352942,2.537115460279094,0.0018934803683955408
9.0,2.0,2.0,2.0,1.0,1.0,2.0,0.0,306.0,0.156,0.156,0.513,261.519,1.0,700.0,2.0,700.0,1.0,600.0,1.0,600.0,2.0,0.0,1.0,1.6764705882352942,2.6022005743896663,0.0018703160272991327
9.0,2.0,2.0,2.0,1.0,1.0,2.0,0.0,306.0,0.156,0.156,0.513,268.877,1.0,700.0,2.0,700.0,1.0,600.0,1.0,600.0,2.0,0.0,1.0,1.6764705882352942,2.675415108807277,0.0018449265442496406
9.0,2.0,2.0,2.0,1.0,1.0,2.0,0.0,306.0,0.156,0.156,0.513,275.503,1.0,700.0,2.0,700.0,1.0,600.0,1.0,600.0,2.0,0.0,1.0,1.6764705882352942,2.7413460010403687,0.0018226456430567226
9.0,2.0,2.0,2.0,1.0,1.0,2.0,0.0,306.0,0.156,0.156,0.513,282.52,1.0,700.0,2.0,700.0,1.0,600.0,1.0,600.0,2.0,0.0,1.0,1.6764705882352942,2.8111674726370492,0.0017996292763690681
9.0,2.0,2.0,2.0,1.0,1.0,2.0,0.0,306.0,0.156,0.156,0.513,289.111,1.0,700.0,2.0,700.0,1.0,600.0,1.0,600.0,2.0,0.0,1.0,1.6764705882352942,2.8767501032902802,0.0017785334568821243
1.0,2.0,1.0,0.0,1.0,2.0,1.0,0.0,1453.0,0.75,0.56,0.1982,0.0,0.03,700.0,2.0,700.0,1.0,160.0,1.0,600.0,2.0,0.18999999999999995,0.7466666666666667,0.13640743289745352,-0.0,0.0036609921288669233
1.0,2.0,1.0,0.0,1.0,2.0,1.0,0.0,1453.0,0.75,0.56,0.1982,0.0,0.05,700.0,2.0,700.0,1.0,160.0,1.0,600.0,2.0,0.18999999999999995,0.7466666666666667,0.13640743289745352,-0.0,0.0036609921288669233
1.0,2.0,1.0,0.0,1.0,2.0,1.0,0.0,1453.0,0.75,0.56,0.1982,0.0,0.08,700.0,2.0,700.0,1.0,160.0,1.0,600.0,2.0,0.18999999999999995,0.7466666666666667,0.13640743289745352,-0.0,0.0036609921288669233
1.0,2.0,1.0,0.0,1.0,2.0,1.0,0.0,1453.0,0.75,0.56,0.1982,0.0,0.1,700.0,2.0,700.0,1.0,160.0,1.0,600.0,2.0,0.18999999999999995,0.7466666666666667,0.13640743289745352,-0.0,0.0036609921288669233
1.0,2.0,1.0,0.0,1.0,2.0,1.0,0.0,1453.0,0.75,0.56,0.1982,0.0,0.13,700.0,2.0,700.0,1.0,160.0,1.0,600.0,2.0,0.18999999999999995,0.7466666666666667,0.13640743289745352,-0.0,0.0036609921288669233
1.0,2.0,1.0,0.0,1.0,2.0,1.0,0.0,1453.0,0.75,0.56,0.1982,0.0,0.15,700.0,2.0,700.0,1.0,160.0,1.0,600.0,2.0,0.18999999999999995,0.7466666666666667,0.13640743289745352,-0.0,0.0036609921288669233
1.0,2.0,1.0,0.0,1.0,2.0,1.0,0.0,1453.0,0.75,0.56,0.1982,0.0,0.18,700.0,2.0,700.0,1.0,160.0,1.0,600.0,2.0,0.18999999999999995,0.7466666666666667,0.13640743289745352,-0.0,0.0036609921288669233
1.0,2.0,1.0,0.0,1.0,2.0,1.0,0.0,1453.0,0.75,0.56,0.1982,0.0,0.21,700.0,2.0,700.0,1.0,160.0,1.0,600.0,2.0,0.18999999999999995,0.7466666666666667,0.13640743289745352,-0.0,0.0036609921288669233
1.0,2.0,1.0,0.0,1.0,2.0,1.0,0.0,1453.0,0.75,0.56,0.1982,0.0,0.23,700.0,2.0,700.0,1.0,160.0,1.0,600.0,2.0,0.18999999999999995,0.7466666666666667,0.13640743289745352,-0.0,0.0036609921288669233
1.0,2.0,1.0,0.0,1.0,2.0,1.0,0.0,1453.0,0.75,0.56,0.1982,0.0,0.26,700.0,2.0,700.0,1.0,160.0,1.0,600.0,2.0,0.18999999999999995,0.7466666666666667,0.13640743289745352,-0.0,0.0036609921288669233
1.0,2.0,1.0,0.0,1.0,2.0,1.0,0.0,1453.0,0.75,0.56,0.1982,0.0,0.28,700.0,2.0,700.0,1.0,160.0,1.0,600.0,2.0,0.18999999999999995,0.7466666666666667,0.13640743289745352,-0.0,0.0036609921288669233
1.0,2.0,1.0,0.0,1.0,2.0,1.0,0.0,1453.0,0.75,0.56,0.1982,0.0,0.31,700.0,2.0,700.0,1.0,160.0,1.0,600.0,2.0,0.18999999999999995,0.7466666666666667,0.13640743289745352,-0.0,0.0036609921288669233
1.0,2.0,1.0,0.0,1.0,2.0,1.0,0.0,1453.0,0.75,0.56,0.1982,0.0,0.33,700.0,2.0,700.0,1.0,160.0,1.0,600.0,2.0,0.18999999999999995,0.7466666666666667,0.13640743289745352,-0.0,0.0036609921288669233
1.0,2.0,1.0,0.0,1.0,2.0,1.0,0.0,1453.0,0.75,0.56,0.1982,0.0,0.36,700.0,2.0,700.0,1.0,160.0,1.0,600.0,2.0,0.18999999999999995,0.7466666666666667,0.13640743289745352,-0.0,0.0036609921288669233
1.0,2.0,1.0,0.0,1.0,2.0,1.0,0.0,1453.0,0.75,0.56,0.1982,0.0,0.38,700.0,2.0,700.0,1.0,160.0,1.0,600.0,2.0,0.18999999999999995,0.7466666666666667,0.13640743289745352,-0.0,0.0036609921288669233
1.0,2.0,1.0,0.0,1.0,2.0,1.0,0.0,1453.0,0.75,0.56,0.1982,0.0,0.41,700.0,2.0,700.0,1.0,160.0,1.0,600.0,2.0,0.18999999999999995,0.7466666666666667,0.13640743289745352,-0.0,0.0036609921288669233
1.0,2.0,1.0,0.0,1.0,2.0,1.0,0.0,1453.0,0.75,0.56,0.1982,0.0,0.43,700.0,2.0,700.0,1.0,160.0,1.0,600.0,2.0,0.18999999999999995,0.7466666666666667,0.13640743289745352,-0.0,0.0036609921288669233
1.0,2.0,1.0,0.0,1.0,2.0,1.0,0.0,1453.0,0.75,0.56,0.1982,0.0,0.46,700.0,2.0,700.0,1.0,160.0,1.0,600.0,2.0,0.18999999999999995,0.7466666666666667,0.13640743289745352,-0.0,0.0036609921288669233
1.0,2.0,1.0,0.0,1.0,2.0,1.0,0.0,1453.0,0.75,0.56,0.1982,0.0,0.48,700.0,2.0,700.0,1.0,160.0,1.0,600.0,2.0,0.18999999999999995,0.7466666666666667,0.13640743289745352,-0.0,0.0036609921288669233
1.0,2.0,1.0,0.0,1.0,2.0,1.0,0.0,1453.0,0.75,0.56,0.1982,0.0,0.51,700.0,2.0,700.0,1.0,160.0,1.0,600.0,2.0,0.18999999999999995,0.7466666666666667,0.13640743289745352,-0.0,0.0036609921288669233
1.0,2.0,1.0,0.0,1.0,2.0,1.0,0.0,1453.0,0.75,0.56,0.1982,0.0,0.53,700.0,2.0,700.0,1.0,160.0,1.0,600.0,2.0,0.18999999999999995,0.7466666666666667,0.13640743289745352,-0.0,0.0036609921288669233
1.0,2.0,1.0,0.0,1.0,2.0,1.0,0.0,1453.0,0.75,0.56,0.1982,0.0,0.56,700.0,2.0,700.0,1.0,160.0,1.0,600.0,2.0,0.18999999999999995,0.7466666666666667,0.13640743289745352,-0.0,0.0036609921288669233
1.0,2.0,1.0,0.0,1.0,2.0,1.0,0.0,1453.0,0.75,0.56,0.1982,0.0,0.58,700.0,2.0,700.0,1.0,160.0,1.0,600.0,2.0,0.18999999999999995,0.7466666666666667,0.13640743289745352,-0.0,0.0036609921288669233
1.0,2.0,1.0,0.0,1.0,2.0,1.0,0.0,1453.0,0.75,0.56,0.1982,0.0,0.61,700.0,2.0,700.0,1.0,160.0,1.0,600.0,2.0,0.18999999999999995,0.7466666666666667,0.13640743289745352,-0.0,0.0036609921288669233
1.0,2.0,1.0,0.0,1.0,2.0,1.0,0.0,1453.0,0.75,0.56,0.1982,0.0,0.64,700.0,2.0,700.0,1.0,160.0,1.0,600.0,2.0,0.18999999999999995,0.7466666666666667,0.13640743289745352,-0.0,0.0036609921288669233
1.0,2.0,1.0,0.0,1.0,2.0,1.0,0.0,1453.0,0.75,0.56,0.1982,0.0,0.66,700.0,2.0,700.0,1.0,160.0,1.0,600.0,2.0,0.18999999999999995,0.7466666666666667,0.13640743289745352,-0.0,0.0036609921288669233
1.0,2.0,1.0,0.0,1.0,2.0,1.0,0.0,1453.0,0.75,0.56,0.1982,0.0,0.69,700.0,2.0,700.0,1.0,160.0,1.0,600.0,2.0,0.18999999999999995,0.7466666666666667,0.13640743289745352,-0.0,0.0036609921288669233
1.0,2.0,1.0,0.0,1.0,2.0,1.0,0.0,1453.0,0.75,0.56,0.1982,0.0,0.71,700.0,2.0,700.0,1.0,160.0,1.0,600.0,2.0,0.18999999999999995,0.7466666666666667,0.13640743289745352,-0.0,0.0036609921288669233
1.0,2.0,1.0,0.0,1.0,2.0,1.0,0.0,1453.0,0.75,0.56,0.1982,0.0,0.74,700.0,2.0,700.0,1.0,160.0,1.0,600.0,2.0,0.18999999999999995,0.7466666666666667,0.13640743289745352,-0.0,0.0036609921288669233
1.0,2.0,1.0,0.0,1.0,2.0,1.0,0.0,1453.0,0.75,0.56,0.1982,0.0,0.76,700.0,2.0,700.0,1.0,160.0,1.0,600.0,2.0,0.18999999999999995,0.7466666666666667,0.13640743289745352,-0.0,0.0036609921288669233
1.0,2.0,1.0,0.0,1.0,2.0,1.0,0.0,1453.0,0.75,0.56,0.1982,0.0,0.79,700.0,2.0,700.0,1.0,160.0,1.0,600.0,2.0,0.18999999999999995,0.7466666666666667,0.13640743289745352,-0.0,0.0036609921288669233
1.0,2.0,1.0,0.0,1.0,2.0,1.0,0.0,1453.0,0.75,0.56,0.1982,0.0,0.81,700.0,2.0,700.0,1.0,160.0,1.0,600.0,2.0,0.18999999999999995,0.7466666666666667,0.13640743289745352,-0.0,0.0036609921288669233
1.0,2.0,1.0,0.0,1.0,2.0,1.0,0.0,1453.0,0.75,0.56,0.1982,0.0,0.84,700.0,2.0,700.0,1.0,160.0,1.0,600.0,2.0,0.18999999999999995,0.7466666666666667,0.13640743289745352,-0.0,0.0036609921288669233
1.0,2.0,1.0,0.0,1.0,2.0,1.0,0.0,1453.0,0.75,0.56,0.1982,0.0,0.86,700.0,2.0,700.0,1.0,160.0,1.0,600.0,2.0,0.18999999999999995,0.7466666666666667,0.13640743289745352,-0.0,0.0036609921288669233
1.0,2.0,1.0,0.0,1.0,2.0,1.0,0.0,1453.0,0.75,0.56,0.1982,0.0,0.89,700.0,2.0,700.0,1.0,160.0,1.0,600.0,2.0,0.18999999999999995,0.7466666666666667,0.13640743289745352,-0.0,0.0036609921288669233
1.0,2.0,1.0,0.0,1.0,2.0,1.0,0.0,1453.0,0.75,0.56,0.1982,0.0,0.91,700.0,2.0,700.0,1.0,160.0,1.0,600.0,2.0,0.18999999999999995,0.7466666666666667,0.13640743289745352,-0.0,0.0036609921288669233
1.0,2.0,1.0,0.0,1.0,2.0,1.0,0.0,1453.0,0.75,0.56,0.1982,0.0,0.94,700.0,2.0,700.0,1.0,160.0,1.0,600.0,2.0,0.18999999999999995,0.7466666666666667,0.13640743289745352,-0.0,0.0036609921288669233
1.0,2.0,1.0,0.0,1.0,2.0,1.0,0.0,1453.0,0.75,0.56,0.1982,0.0,0.96,700.0,2.0,700.0,1.0,160.0,1.0,600.0,2.0,0.18999999999999995,0.7466666666666667,0.13640743289745352,-0.0,0.0036609921288669233
1.0,2.0,1.0,0.0,1.0,2.0,1.0,0.0,1453.0,0.75,0.56,0.1982,0.0,0.99,700.0,2.0,700.0,1.0,160.0,1.0,600.0,2.0,0.18999999999999995,0.7466666666666667,0.13640743289745352,0.0,0.0036609921288669233
1.0,2.0,1.0,0.0,1.0,2.0,1.0,0.0,1453.0,0.75,0.56,0.1982,0.0,1.0,700.0,2.0,700.0,1.0,160.0,1.0,600.0,2.0,0.18999999999999995,0.7466666666666667,0.13640743289745352,0.0,0.0036609921288669233
1.0,2.0,1.0,0.0,1.0,2.0,1.0,0.0,793.0,0.54,0.29,0.991,0.0,0.05,700.0,2.0,700.0,1.0,160.0,1.0,600.0,2.0,0.25000000000000006,0.537037037037037,1.2496847414880201,-0.0,0.0036609921288669233
1.0,2.0,1.0,0.0,1.0,2.0,1.0,0.0,793.0,0.54,0.29,0.991,0.0,0.13,700.0,2.0,700.0,1.0,160.0,1.0,600.0,2.0,0.25000000000000006,0.537037037037037,1.2496847414880201,-0.0,0.0036609921288669233
1.0,2.0,1.0,0.0,1.0,2.0,1.0,0.0,793.0,0.54,0.29,0.991,0.0,0.16,700.0,2.0,700.0,1.0,160.0,1.0,600.0,2.0,0.25000000000000006,0.537037037037037,1.2496847414880201,-0.0,0.0036609921288669233
1.0,2.0,1.0,0.0,1.0,2.0,1.0,0.0,793.0,0.54,0.29,0.991,0.0,0.18,700.0,2.0,700.0,1.0,160.0,1.0,600.0,2.0,0.25000000000000006,0.537037037037037,1.2496847414880201,-0.0,0.0036609921288669233
1.0,2.0,1.0,0.0,1.0,2.0,1.0,0.0,793.0,0.54,0.29,0.991,0.0,0.21,700.0,2.0,700.0,1.0,160.0,1.0,600.0,2.0,0.25000000000000006,0.537037037037037,1.2496847414880201,-0.0,0.0036609921288669233
1.0,2.0,1.0,0.0,1.0,2.0,1.0,0.0,793.0,0.54,0.29,0.991,0.0,0.23,700.0,2.0,700.0,1.0,160.0,1.0,600.0,2.0,0.25000000000000006,0.537037037037037,1.2496847414880201,-0.0,0.0036609921288669233
1.0,2.0,1.0,0.0,1.0,2.0,1.0,0.0,793.0,0.54,0.29,0.991,0.0,0.26,700.0,2.0,700.0,1.0,160.0,1.0,600.0,2.0,0.25000000000000006,0.537037037037037,1.2496847414880201,-0.0,0.0036609921288669233
1.0,2.0,1.0,0.0,1.0,2.0,1.0,0.0,793.0,0.54,0.29,0.991,0.0,0.28,700.0,2.0,700.0,1.0,160.0,1.0,600.0,2.0,0.25000000000000006,0.537037037037037,1.2496847414880201,-0.0,0.0036609921288669233
1.0,2.0,1.0,0.0,1.0,2.0,1.0,0.0,793.0,0.54,0.29,0.991,0.0,0.31,700.0,2.0,700.0,1.0,160.0,1.0,600.0,2.0,0.25000000000000006,0.537037037037037,1.2496847414880201,-0.0,0.0036609921288669233
1.0,2.0,1.0,0.0,1.0,2.0,1.0,0.0,793.0,0.54,0.29,0.991,0.0,0.33,700.0,2.0,700.0,1.0,160.0,1.0,600.0,2.0,0.25000000000000006,0.537037037037037,1.2496847414880201,-0.0,0.0036609921288669233
1.0,2.0,1.0,0.0,1.0,2.0,1.0,0.0,793.0,0.54,0.29,0.991,0.0,0.36,700.0,2.0,700.0,1.0,160.0,1.0,600.0,2.0,0.25000000000000006,0.537037037037037,1.2496847414880201,-0.0,0.0036609921288669233
1.0,2.0,1.0,0.0,1.0,2.0,1.0,0.0,793.0,0.54,0.29,0.991,0.0,0.38,700.0,2.0,700.0,1.0,160.0,1.0,600.0,2.0,0.25000000000000006,0.537037037037037,1.2496847414880201,-0.0,0.0036609921288669233
1.0,2.0,1.0,0.0,1.0,2.0,1.0,0.0,793.0,0.54,0.29,0.991,0.0,0.41,700.0,2.0,700.0,1.0,160.0,1.0,600.0,2.0,0.25000000000000006,0.537037037037037,1.2496847414880201,-0.0,0.0036609921288669233
1.0,2.0,1.0,0.0,1.0,2.0,1.0,0.0,793.0,0.54,0.29,0.991,0.0,0.43,700.0,2.0,700.0,1.0,160.0,1.0,600.0,2.0,0.25000000000000006,0.537037037037037,1.2496847414880201,-0.0,0.0036609921288669233
1.0,2.0,1.0,0.0,1.0,2.0,1.0,0.0,793.0,0.54,0.29,0.991,0.0,0.46,700.0,2.0,700.0,1.0,160.0,1.0,600.0,2.0,0.25000000000000006,0.537037037037037,1.2496847414880201,-0.0,0.0036609921288669233
1.0,2.0,1.0,0.0,1.0,2.0,1.0,0.0,793.0,0.54,0.29,0.991,0.0,0.48,700.0,2.0,700.0,1.0,160.0,1.0,600.0,2.0,0.25000000000000006,0.537037037037037,1.2496847414880201,-0.0,0.0036609921288669233
1.0,2.0,1.0,0.0,1.0,2.0,1.0,0.0,793.0,0.54,0.29,0.991,0.0,0.51,700.0,2.0,700.0,1.0,160.0,1.0,600.0,2.0,0.25000000000000006,0.537037037037037,1.2496847414880201,-0.0,0.0036609921288669233
1.0,2.0,1.0,0.0,1.0,2.0,1.0,0.0,793.0,0.54,0.29,0.991,0.0,0.53,700.0,2.0,700.0,1.0,160.0,1.0,600.0,2.0,0.25000000000000006,0.537037037037037,1.2496847414880201,-0.0,0.0036609921288669233
1.0,2.0,1.0,0.0,1.0,2.0,1.0,0.0,793.0,0.54,0.29,0.991,0.0,0.56,700.0,2.0,700.0,1.0,160.0,1.0,600.0,2.0,0.25000000000000006,0.537037037037037,1.2496847414880201,-0.0,0.0036609921288669233
1.0,2.0,1.0,0.0,1.0,2.0,1.0,0.0,793.0,0.54,0.29,0.991,0.0,0.59,700.0,2.0,700.0,1.0,160.0,1.0,600.0,2.0,0.25000000000000006,0.537037037037037,1.2496847414880201,-0.0,0.0036609921288669233
1.0,2.0,1.0,0.0,1.0,2.0,1.0,0.0,793.0,0.54,0.29,0.991,0.0,0.61,700.0,2.0,700.0,1.0,160.0,1.0,600.0,2.0,0.25000000000000006,0.537037037037037,1.2496847414880201,-0.0,0.0036609921288669233
1.0,2.0,1.0,0.0,1.0,2.0,1.0,0.0,793.0,0.54,0.29,0.991,0.0,0.64,700.0,2.0,700.0,1.0,160.0,1.0,600.0,2.0,0.25000000000000006,0.537037037037037,1.2496847414880201,-0.0,0.0036609921288669233
1.0,2.0,1.0,0.0,1.0,2.0,1.0,0.0,793.0,0.54,0.29,0.991,0.0,0.66,700.0,2.0,700.0,1.0,160.0,1.0,600.0,2.0,0.25000000000000006,0.537037037037037,1.2496847414880201,-0.0,0.0036609921288669233
1.0,2.0,1.0,0.0,1.0,2.0,1.0,0.0,793.0,0.54,0.29,0.991,0.0,0.69,700.0,2.0,700.0,1.0,160.0,1.0,600.0,2.0,0.25000000000000006,0.537037037037037,1.2496847414880201,-0.0,0.0036609921288669233
1.0,2.0,1.0,0.0,1.0,2.0,1.0,0.0,793.0,0.54,0.29,0.991,0.0,0.71,700.0,2.0,700.0,1.0,160.0,1.0,600.0,2.0,0.25000000000000006,0.537037037037037,1.2496847414880201,-0.0,0.0036609921288669233
1.0,2.0,1.0,0.0,1.0,2.0,1.0,0.0,793.0,0.54,0.29,0.991,0.0,0.74,700.0,2.0,700.0,1.0,160.0,1.0,600.0,2.0,0.25000000000000006,0.537037037037037,1.2496847414880201,-0.0,0.0036609921288669233
1.0,2.0,1.0,0.0,1.0,2.0,1.0,0.0,793.0,0.54,0.29,0.991,0.0,0.76,700.0,2.0,700.0,1.0,160.0,1.0,600.0,2.0,0.25000000000000006,0.537037037037037,1.2496847414880201,-0.0,0.0036609921288669233
1.0,2.0,1.0,0.0,1.0,2.0,1.0,0.0,793.0,0.54,0.29,0.991,0.0,0.79,700.0,2.0,700.0,1.0,160.0,1.0,600.0,2.0,0.25000000000000006,0.537037037037037,1.2496847414880201,-0.0,0.0036609921288669233
1.0,2.0,1.0,0.0,1.0,2.0,1.0,0.0,793.0,0.54,0.29,0.991,0.0,0.81,700.0,2.0,700.0,1.0,160.0,1.0,600.0,2.0,0.25000000000000006,0.537037037037037,1.2496847414880201,-0.0,0.0036609921288669233
1.0,2.0,1.0,0.0,1.0,2.0,1.0,0.0,793.0,0.54,0.29,0.991,0.0,0.84,700.0,2.0,700.0,1.0,160.0,1.0,600.0,2.0,0.25000000000000006,0.537037037037037,1.2496847414880201,-0.0,0.0036609921288669233
1.0,2.0,1.0,0.0,1.0,2.0,1.0,0.0,793.0,0.54,0.29,0.991,0.0,0.86,700.0,2.0,700.0,1.0,160.0,1.0,600.0,2.0,0.25000000000000006,0.537037037037037,1.2496847414880201,-0.0,0.0036609921288669233
1.0,2.0,1.0,0.0,1.0,2.0,1.0,0.0,793.0,0.54,0.29,0.991,0.0,0.89,700.0,2.0,700.0,1.0,160.0,1.0,600.0,2.0,0.25000000000000006,0.537037037037037,1.2496847414880201,-0.0,0.0036609921288669233
1.0,2.0,1.0,0.0,1.0,2.0,1.0,0.0,793.0,0.54,0.29,0.991,0.0,0.91,700.0,2.0,700.0,1.0,160.0,1.0,600.0,2.0,0.25000000000000006,0.537037037037037,1.2496847414880201,-0.0,0.0036609921288669233
1.0,2.0,1.0,0.0,1.0,2.0,1.0,0.0,793.0,0.54,0.29,0.991,0.0,0.94,700.0,2.0,700.0,1.0,160.0,1.0,600.0,2.0,0.25000000000000006,0.537037037037037,1.2496847414880201,-0.0,0.0036609921288669233
1.0,2.0,1.0,0.0,1.0,2.0,1.0,0.0,793.0,0.54,0.29,0.991,0.0,0.97,700.0,2.0,700.0,1.0,160.0,1.0,600.0,2.0,0.25000000000000006,0.537037037037037,1.2496847414880201,-0.0,0.0036609921288669233
1.0,2.0,1.0,0.0,1.0,2.0,1.0,0.0,793.0,0.54,0.29,0.991,0.0,0.99,700.0,2.0,700.0,1.0,160.0,1.0,600.0,2.0,0.25000000000000006,0.537037037037037,1.2496847414880201,0.0,0.0036609921288669233
1.0,2.0,1.0,0.0,1.0,2.0,1.0,0.0,793.0,0.54,0.29,0.991,0.0,1.0,700.0,2.0,700.0,1.0,160.0,1.0,600.0,2.0,0.25000000000000006,0.537037037037037,1.2496847414880201,0.0,0.0036609921288669233
1.0,2.0,1.0,0.0,1.0,2.0,1.0,0.0,793.0,0.54,0.29,0.991,25.0,0.03,700.0,2.0,700.0,1.0,160.0,1.0,600.0,2.0,0.25000000000000006,0.537037037037037,1.2496847414880201,-80.47189562170502,0.0033540164346805303
1.0,2.0,1.0,0.0,1.0,2.0,1.0,0.0,793.0,0.54,0.29,0.991,25.0,0.05,700.0,2.0,700.0,1.0,160.0,1.0,600.0,2.0,0.25000000000000006,0.537037037037037,1.2496847414880201,-70.33526791900091,0.0033540164346805303
1.0,2.0,1.0,0.0,1.0,2.0,1.0,0.0,793.0,0.54,0.29,0.991,25.0,0.08,700.0,2.0,700.0,1.0,160.0,1.0,600.0,2.0,0.25000000000000006,0.537037037037037,1.2496847414880201,-60.19864021629681,0.0033540164346805303
1.0,2.0,1.0,0.0,1.0,2.0,1.0,0.0,793.0,0.54,0.29,0.991,25.0,0.1,700.0,2.0,700.0,1.0,160.0,1.0,600.0,2.0,0.25000000000000006,0.537037037037037,1.2496847414880201,-55.181872829743014,0.0033540164346805303
1.0,2.0,1.0,0.0,1.0,2.0,1.0,0.0,793.0,0.54,0.29,0.991,25.0,0.13,700.0,2.0,700.0,1.0,160.0,1.0,600.0,2.0,0.25000000000000006,0.537037037037037,1.2496847414880201,-49.152821409320815,0.0033540164346805303
1.0,2.0,1.0,0.0,1.0,2.0,1.0,0.0,793.0,0.54,0.29,0.991,25.0,0.15,700.0,2.0,700.0,1.0,160.0,1.0,600.0,2.0,0.25000000000000006,0.537037037037037,1.2496847414880201,-45.81453659370776,0.0033540164346805303
1.0,2.0,1.0,0.0,1.0,2.0,1.0,0.0,793.0,0.54,0.29,0.991,25.0,0.18,700.0,2.0,700.0,1.0,160.0,1.0,600.0,2.0,0.25000000000000006,0.537037037037037,1.2496847414880201,-41.518280170541274,0.0033540164346805303
1.0,2.0,1.0,0.0,1.0,2.0,1.0,0.0,793.0,0.54,0.29,0.991,25.0,0.2,700.0,2.0,700.0,1.0,160.0,1.0,600.0,2.0,0.25000000000000006,0.537037037037037,1.2496847414880201,-39.01619370661671,0.0033540164346805303
1.0,2.0,1.0,0.0,1.0,2.0,1.0,0.0,793.0,0.54,0.29,0.991,25.0,0.23,700.0,2.0,700.0,1.0,160.0,1.0,600.0,2.0,0.25000000000000006,0.537037037037037,1.2496847414880201,-35.67790889100364,0.0033540164346805303
1.0,2.0,1.0,0.0,1.0,2.0,1.0,0.0,793.0,0.54,0.29,0.991,25.0,0.25,700.0,2.0,700.0,1.0,160.0,1.0,600.0,2.0,0.25000000000000006,0.537037037037037,1.2496847414880201,-33.67684119916523,0.0033540164346805303
1.0,2.0,1.0,0.0,1.0,2.0,1.0,0.0,793.0,0.54,0.29,0.991,25.0,0.28,700.0,2.0,700.0,1.0,160.0,1.0,600.0,2.0,0.25000000000000006,0.537037037037037,1.2496847414880201,-30.946858900040432,0.0033540164346805303
1.0,2.0,1.0,0.0,1.0,2.0,1.0,0.0,793.0,0.54,0.29,0.991,25.0,0.31,700.0,2.0,700.0,1.0,160.0,1.0,600.0,2.0,0.25000000000000006,0.537037037037037,1.2496847414880201,-28.48585707970912,0.0033540164346805303
1.0,2.0,1.0,0.0,1.0,2.0,1.0,0.0,793.0,0.54,0.29,0.991,25.0,0.33,700.0,2.0,700.0,1.0,160.0,1.0,600.0,2.0,0.25000000000000006,0.537037037037037,1.2496847414880201,-26.970241534298246,0.0033540164346805303
1.0,2.0,1.0,0.0,1.0,2.0,1.0,0.0,793.0,0.54,0.29,0.991,25.0,0.36,700.0,2.0,700.0,1.0,160.0,1.0,600.0,2.0,0.25000000000000006,0.537037037037037,1.2496847414880201,-24.856306833596673,0.0033540164346805303
1.0,2.0,1.0,0.0,1.0,2.0,1.0,0.0,793.0,0.54,0.29,0.991,25.0,0.38,700.0,2.0,700.0,1.0,160.0,1.0,600.0,2.0,0.25000000000000006,0.537037037037037,1.2496847414880201,-23.540213496461124,0.0033540164346805303
1.0,2.0,1.0,0.0,1.0,2.0,1.0,0.0,793.0,0.54,0.29,0.991,25.0,0.41,700.0,2.0,700.0,1.0,160.0,1.0,600.0,2.0,0.25000000000000006,0.537037037037037,1.2496847414880201,-21.687514192618078,0.0033540164346805303
1.0,2.0,1.0,0.0,1.0,2.0,1.0,0.0,793.0,0.54,0.29,0.991,25.0,0.43,700.0,2.0,700.0,1.0,160.0,1.0,600.0,2.0,0.25000000000000006,0.537037037037037,1.2496847414880201,-20.524513801745755,0.0033540164346805303
1.0,2.0,1.0,0.0,1.0,2.0,1.0,0.0,793.0,0.54,0.29,0.991,25.0,0.46,700.0,2.0,700.0,1.0,160.0,1.0,600.0,2.0,0.25000000000000006,0.537037037037037,1.2496847414880201,-18.875564606950817,0.0033540164346805303
1.0,2.0,1.0,0.0,1.0,2.0,1.0,0.0,793.0,0.54,0.29,0.991,25.0,0.48,700.0,2.0,700.0,1.0,160.0,1.0,600.0,2.0,0.25000000000000006,0.537037037037037,1.2496847414880201,-17.83374719693662,0.0033540164346805303
1.0,2.0,1.0,0.0,1.0,2.0,1.0,0.0,793.0,0.54,0.29,0.991,25.0,0.51,700.0,2.0,700.0,1.0,160.0,1.0,600.0,2.0,0.25000000000000006,0.537037037037037,1.2496847414880201,-16.3481616851666,0.0033540164346805303
1.0,2.0,1.0,0.0,1.0,2.0,1.0,0.0,793.0,0.54,0.29,0.991,25.0,0.53,700.0,2.0,700.0,1.0,160.0,1.0,600.0,2.0,0.25000000000000006,0.537037037037037,1.2496847414880201,-15.404653485595423,0.0033540164346805303
1.0,2.0,1.0,0.0,1.0,2.0,1.0,0.0,793.0,0.54,0.29,0.991,25.0,0.56,700.0,2.0,700.0,1.0,160.0,1.0,600.0,2.0,0.25000000000000006,0.537037037037037,1.2496847414880201,-14.052972953838527,0.0033540164346805303
1.0,2.0,1.0,0.0,1.0,2.0,1.0,0.0,793.0,0.54,0.29,0.991,25.0,0.61,700.0,2.0,700.0,1.0,160.0,1.0,600.0,2.0,0.25000000000000006,0.537037037037037,1.2496847414880201,-11.950895023574995,0.0033540164346805303
1.0,2.0,1.0,0.0,1.0,2.0,1.0,0.0,793.0,0.54,0.29,0.991,25.0,0.58,700.0,2.0,700.0,1.0,160.0,1.0,600.0,2.0,0.25000000000000006,0.537037037037037,1.2496847414880201,-13.1908185520593,0.0033540164346805303
1.0,2.0,1.0,0.0,1.0,2.0,1.0,0.0,793.0,0.54,0.29,0.991,25.0,0.63,700.0,2.0,700.0,1.0,160.0,1.0,600.0,2.0,0.25000000000000006,0.537037037037037,1.2496847414880201,-11.157177565710487,0.0033540164346805303
1.0,2.0,1.0,0.0,1.0,2.0,1.0,0.0,793.0,0.54,0.29,0.991,25.0,0.66,700.0,2.0,700.0,1.0,160.0,1.0,600.0,2.0,0.25000000000000006,0.537037037037037,1.2496847414880201,-10.011939164928132,0.0033540164346805303
1.0,2.0,1.0,0.0,1.0,2.0,1.0,0.0,793.0,0.54,0.29,0.991,25.0,0.68,700.0,2.0,700.0,1.0,160.0,1.0,600.0,2.0,0.25000000000000006,0.537037037037037,1.2496847414880201,-9.276592034770797,0.0033540164346805303
1.0,2.0,1.0,0.0,1.0,2.0,1.0,0.0,793.0,0.54,0.29,0.991,25.0,0.71,700.0,2.0,700.0,1.0,160.0,1.0,600.0,2.0,0.25000000000000006,0.537037037037037,1.2496847414880201,-8.212601674300902,0.0033540164346805303
1.0,2.0,1.0,0.0,1.0,2.0,1.0,0.0,793.0,0.54,0.29,0.991,25.0,0.74,700.0,2.0,700.0,1.0,160.0,1.0,600.0,2.0,0.25000000000000006,0.537037037037037,1.2496847414880201,-7.192051811294522,0.0033540164346805303
1.0,2.0,1.0,0.0,1.0,2.0,1.0,0.0,793.0,0.54,0.29,0.991,25.0,0.76,700.0,2.0,700.0,1.0,160.0,1.0,600.0,2.0,0.25000000000000006,0.537037037037037,1.2496847414880201,-6.5341191033601875,0.0033540164346805303
1.0,2.0,1.0,0.0,1.0,2.0,1.0,0.0,793.0,0.54,0.29,0.991,25.0,0.79,700.0,2.0,700.0,1.0,160.0,1.0,600.0,2.0,0.25000000000000006,0.537037037037037,1.2496847414880201,-5.578588782855243,0.0033540164346805303
1.0,2.0,1.0,0.0,1.0,2.0,1.0,0.0,793.0,0.54,0.29,0.991,25.0,0.81,700.0,2.0,700.0,1.0,160.0,1.0,600.0,2.0,0.25000000000000006,0.537037037037037,1.2496847414880201,-4.961273468095954,0.0033540164346805303
1.0,2.0,1.0,0.0,1.0,2.0,1.0,0.0,793.0,0.54,0.29,0.991,25.0,0.84,700.0,2.0,700.0,1.0,160.0,1.0,600.0,2.0,0.25000000000000006,0.537037037037037,1.2496847414880201,-4.062973237444374,0.0033540164346805303
1.0,2.0,1.0,0.0,1.0,2.0,1.0,0.0,793.0,0.54,0.29,0.991,25.0,0.86,700.0,2.0,700.0,1.0,160.0,1.0,600.0,2.0,0.25000000000000006,0.537037037037037,1.2496847414880201,-3.4815516833376914,0.0033540164346805303
1.0,2.0,1.0,0.0,1.0,2.0,1.0,0.0,793.0,0.54,0.29,0.991,25.0,0.89,700.0,2.0,700.0,1.0,160.0,1.0,600.0,2.0,0.25000000000000006,0.537037037037037,1.2496847414880201,-2.634012891445657,0.0033540164346805303
1.0,2.0,1.0,0.0,1.0,2.0,1.0,0.0,793.0,0.54,0.29,0.991,25.0,0.91,700.0,2.0,700.0,1.0,160.0,1.0,600.0,2.0,0.25000000000000006,0.537037037037037,1.2496847414880201,-2.0845402234762753,0.0033540164346805303
1.0,2.0,1.0,0.0,1.0,2.0,1.0,0.0,793.0,0.54,0.29,0.991,25.0,0.94,700.0,2.0,700.0,1.0,160.0,1.0,600.0,2.0,0.25000000000000006,0.537037037037037,1.2496847414880201,-1.2823323596887644,0.0033540164346805303
1.0,2.0,1.0,0.0,1.0,2.0,1.0,0.0,793.0,0.54,0.29,0.991,25.0,0.96,700.0,2.0,700.0,1.0,160.0,1.0,600.0,2.0,0.25000000000000006,0.537037037037037,1.2496847414880201,-0.7614801871177144,0.0033540164346805303
1.0,2.0,1.0,0.0,1.0,2.0,1.0,0.0,793.0,0.54,0.29,0.991,25.0,0.99,700.0,2.0,700.0,1.0,160.0,1.0,600.0,2.0,0.25000000000000006,0.537037037037037,1.2496847414880201,0.0,0.0033540164346805303
1.0,2.0,1.0,0.0,1.0,2.0,1.0,0.0,1453.0,0.75,0.56,0.1982,25.0,0.01,700.0,2.0,700.0,1.0,160.0,1.0,600.0,2.0,0.18999999999999995,0.7466666666666667,0.13640743289745352,-97.80057513570365,0.0033540164346805303
1.0,2.0,1.0,0.0,1.0,2.0,1.0,0.0,1453.0,0.75,0.56,0.1982,25.0,0.03,700.0,2.0,700.0,1.0,160.0,1.0,600.0,2.0,0.18999999999999995,0.7466666666666667,0.13640743289745352,-80.47189562170502,0.0033540164346805303
1.0,2.0,1.0,0.0,1.0,2.0,1.0,0.0,1453.0,0.75,0.56,0.1982,25.0,0.05,700.0,2.0,700.0,1.0,160.0,1.0,600.0,2.0,0.18999999999999995,0.7466666666666667,0.13640743289745352,-70.33526791900091,0.0033540164346805303
1.0,2.0,1.0,0.0,1.0,2.0,1.0,0.0,1453.0,0.75,0.56,0.1982,25.0,0.08,700.0,2.0,700.0,1.0,160.0,1.0,600.0,2.0,0.18999999999999995,0.7466666666666667,0.13640743289745352,-60.19864021629681,0.0033540164346805303
1.0,2.0,1.0,0.0,1.0,2.0,1.0,0.0,1453.0,0.75,0.56,0.1982,25.0,0.1,700.0,2.0,700.0,1.0,160.0,1.0,600.0,2.0,0.18999999999999995,0.7466666666666667,0.13640743289745352,-55.181872829743014,0.0033540164346805303
1.0,2.0,1.0,0.0,1.0,2.0,1.0,0.0,1453.0,0.75,0.56,0.1982,25.0,0.13,700.0,2.0,700.0,1.0,160.0,1.0,600.0,2.0,0.18999999999999995,0.7466666666666667,0.13640743289745352,-49.152821409320815,0.0033540164346805303
1.0,2.0,1.0,0.0,1.0,2.0,1.0,0.0,1453.0,0.75,0.56,0.1982,25.0,0.15,700.0,2.0,700.0,1.0,160.0,1.0,600.0,2.0,0.18999999999999995,0.7466666666666667,0.13640743289745352,-45.81453659370776,0.0033540164346805303
1.0,2.0,1.0,0.0,1.0,2.0,1.0,0.0,1453.0,0.75,0.56,0.1982,25.0,0.18,700.0,2.0,700.0,1.0,160.0,1.0,600.0,2.0,0.18999999999999995,0.7466666666666667,0.13640743289745352,-41.518280170541274,0.0033540164346805303
1.0,2.0,1.0,0.0,1.0,2.0,1.0,0.0,1453.0,0.75,0.56,0.1982,25.0,0.2,700.0,2.0,700.0,1.0,160.0,1.0,600.0,2.0,0.18999999999999995,0.7466666666666667,0.13640743289745352,-39.01619370661671,0.0033540164346805303
1.0,2.0,1.0,0.0,1.0,2.0,1.0,0.0,1453.0,0.75,0.56,0.1982,25.0,0.23,700.0,2.0,700.0,1.0,160.0,1.0,600.0,2.0,0.18999999999999995,0.7466666666666667,0.13640743289745352,-35.67790889100364,0.0033540164346805303
1.0,2.0,1.0,0.0,1.0,2.0,1.0,0.0,1453.0,0.75,0.56,0.1982,25.0,0.25,700.0,2.0,700.0,1.0,160.0,1.0,600.0,2.0,0.18999999999999995,0.7466666666666667,0.13640743289745352,-33.67684119916523,0.0033540164346805303
1.0,2.0,1.0,0.0,1.0,2.0,1.0,0.0,1453.0,0.75,0.56,0.1982,25.0,0.28,700.0,2.0,700.0,1.0,160.0,1.0,600.0,2.0,0.18999999999999995,0.7466666666666667,0.13640743289745352,-30.946858900040432,0.0033540164346805303
1.0,2.0,1.0,0.0,1.0,2.0,1.0,0.0,1453.0,0.75,0.56,0.1982,25.0,0.31,700.0,2.0,700.0,1.0,160.0,1.0,600.0,2.0,0.18999999999999995,0.7466666666666667,0.13640743289745352,-28.48585707970912,0.0033540164346805303
1.0,2.0,1.0,0.0,1.0,2.0,1.0,0.0,1453.0,0.75,0.56,0.1982,25.0,0.33,700.0,2.0,700.0,1.0,160.0,1.0,600.0,2.0,0.18999999999999995,0.7466666666666667,0.13640743289745352,-26.970241534298246,0.0033540164346805303
1.0,2.0,1.0,0.0,1.0,2.0,1.0,0.0,1453.0,0.75,0.56,0.1982,25.0,0.36,700.0,2.0,700.0,1.0,160.0,1.0,600.0,2.0,0.18999999999999995,0.7466666666666667,0.13640743289745352,-24.856306833596673,0.0033540164346805303
1.0,2.0,1.0,0.0,1.0,2.0,1.0,0.0,1453.0,0.75,0.56,0.1982,25.0,0.38,700.0,2.0,700.0,1.0,160.0,1.0,600.0,2.0,0.18999999999999995,0.7466666666666667,0.13640743289745352,-23.540213496461124,0.0033540164346805303
1.0,2.0,1.0,0.0,1.0,2.0,1.0,0.0,1453.0,0.75,0.56,0.1982,25.0,0.41,700.0,2.0,700.0,1.0,160.0,1.0,600.0,2.0,0.18999999999999995,0.7466666666666667,0.13640743289745352,-21.687514192618078,0.0033540164346805303
1.0,2.0,1.0,0.0,1.0,2.0,1.0,0.0,1453.0,0.75,0.56,0.1982,25.0,0.43,700.0,2.0,700.0,1.0,160.0,1.0,600.0,2.0,0.18999999999999995,0.7466666666666667,0.13640743289745352,-20.524513801745755,0.0033540164346805303
1.0,2.0,1.0,0.0,1.0,2.0,1.0,0.0,1453.0,0.75,0.56,0.1982,25.0,0.46,700.0,2.0,700.0,1.0,160.0,1.0,600.0,2.0,0.18999999999999995,0.7466666666666667,0.13640743289745352,-18.875564606950817,0.0033540164346805303
1.0,2.0,1.0,0.0,1.0,2.0,1.0,0.0,1453.0,0.75,0.56,0.1982,25.0,0.48,700.0,2.0,700.0,1.0,160.0,1.0,600.0,2.0,0.18999999999999995,0.7466666666666667,0.13640743289745352,-17.83374719693662,0.0033540164346805303
1.0,2.0,1.0,0.0,1.0,2.0,1.0,0.0,1453.0,0.75,0.56,0.1982,25.0,0.51,700.0,2.0,700.0,1.0,160.0,1.0,600.0,2.0,0.18999999999999995,0.7466666666666667,0.13640743289745352,-16.3481616851666,0.0033540164346805303
1.0,2.0,1.0,0.0,1.0,2.0,1.0,0.0,1453.0,0.75,0.56,0.1982,25.0,0.53,700.0,2.0,700.0,1.0,160.0,1.0,600.0,2.0,0.18999999999999995,0.7466666666666667,0.13640743289745352,-15.404653485595423,0.0033540164346805303
1.0,2.0,1.0,0.0,1.0,2.0,1.0,0.0,1453.0,0.75,0.56,0.1982,25.0,0.56,700.0,2.0,700.0,1.0,160.0,1.0,600.0,2.0,0.18999999999999995,0.7466666666666667,0.13640743289745352,-14.052972953838527,0.0033540164346805303
1.0,2.0,1.0,0.0,1.0,2.0,1.0,0.0,1453.0,0.75,0.56,0.1982,25.0,0.58,700.0,2.0,700.0,1.0,160.0,1.0,600.0,2.0,0.18999999999999995,0.7466666666666667,0.13640743289745352,-13.1908185520593,0.0033540164346805303
1.0,2.0,1.0,0.0,1.0,2.0,1.0,0.0,1453.0,0.75,0.56,0.1982,25.0,0.61,700.0,2.0,700.0,1.0,160.0,1.0,600.0,2.0,0.18999999999999995,0.7466666666666667,0.13640743289745352,-11.950895023574995,0.0033540164346805303
1.0,2.0,1.0,0.0,1.0,2.0,1.0,0.0,1453.0,0.75,0.56,0.1982,25.0,0.63,700.0,2.0,700.0,1.0,160.0,1.0,600.0,2.0,0.18999999999999995,0.7466666666666667,0.13640743289745352,-11.157177565710487,0.0033540164346805303
1.0,2.0,1.0,0.0,1.0,2.0,1.0,0.0,1453.0,0.75,0.56,0.1982,25.0,0.66,700.0,2.0,700.0,1.0,160.0,1.0,600.0,2.0,0.18999999999999995,0.7466666666666667,0.13640743289745352,-10.011939164928132,0.0033540164346805303
1.0,2.0,1.0,0.0,1.0,2.0,1.0,0.0,1453.0,0.75,0.56,0.1982,25.0,0.68,700.0,2.0,700.0,1.0,160.0,1.0,600.0,2.0,0.18999999999999995,0.7466666666666667,0.13640743289745352,-9.276592034770797,0.0033540164346805303
1.0,2.0,1.0,0.0,1.0,2.0,1.0,0.0,1453.0,0.75,0.56,0.1982,25.0,0.71,700.0,2.0,700.0,1.0,160.0,1.0,600.0,2.0,0.18999999999999995,0.7466666666666667,0.13640743289745352,-8.212601674300902,0.0033540164346805303
1.0,2.0,1.0,0.0,1.0,2.0,1.0,0.0,1453.0,0.75,0.56,0.1982,25.0,0.74,700.0,2.0,700.0,1.0,160.0,1.0,600.0,2.0,0.18999999999999995,0.7466666666666667,0.13640743289745352,-7.192051811294522,0.0033540164346805303
1.0,2.0,1.0,0.0,1.0,2.0,1.0,0.0,1453.0,0.75,0.56,0.1982,25.0,0.76,700.0,2.0,700.0,1.0,160.0,1.0,600.0,2.0,0.18999999999999995,0.7466666666666667,0.13640743289745352,-6.5341191033601875,0.0033540164346805303
1.0,2.0,1.0,0.0,1.0,2.0,1.0,0.0,1453.0,0.75,0.56,0.1982,25.0,0.79,700.0,2.0,700.0,1.0,160.0,1.0,600.0,2.0,0.18999999999999995,0.7466666666666667,0.13640743289745352,-5.578588782855243,0.0033540164346805303
1.0,2.0,1.0,0.0,1.0,2.0,1.0,0.0,1453.0,0.75,0.56,0.1982,25.0,0.81,700.0,2.0,700.0,1.0,160.0,1.0,600.0,2.0,0.18999999999999995,0.7466666666666667,0.13640743289745352,-4.961273468095954,0.0033540164346805303
1.0,2.0,1.0,0.0,1.0,2.0,1.0,0.0,1453.0,0.75,0.56,0.1982,25.0,0.84,700.0,2.0,700.0,1.0,160.0,1.0,600.0,2.0,0.18999999999999995,0.7466666666666667,0.13640743289745352,-4.062973237444374,0.0033540164346805303
1.0,2.0,1.0,0.0,1.0,2.0,1.0,0.0,1453.0,0.75,0.56,0.1982,25.0,0.86,700.0,2.0,700.0,1.0,160.0,1.0,600.0,2.0,0.18999999999999995,0.7466666666666667,0.13640743289745352,-3.4815516833376914,0.0033540164346805303
1.0,2.0,1.0,0.0,1.0,2.0,1.0,0.0,1453.0,0.75,0.56,0.1982,25.0,0.89,700.0,2.0,700.0,1.0,160.0,1.0,600.0,2.0,0.18999999999999995,0.7466666666666667,0.13640743289745352,-2.634012891445657,0.0033540164346805303
1.0,2.0,1.0,0.0,1.0,2.0,1.0,0.0,1453.0,0.75,0.56,0.1982,25.0,0.91,700.0,2.0,700.0,1.0,160.0,1.0,600.0,2.0,0.18999999999999995,0.7466666666666667,0.13640743289745352,-2.0845402234762753,0.0033540164346805303
1.0,2.0,1.0,0.0,1.0,2.0,1.0,0.0,1453.0,0.75,0.56,0.1982,25.0,0.94,700.0,2.0,700.0,1.0,160.0,1.0,600.0,2.0,0.18999999999999995,0.7466666666666667,0.13640743289745352,-1.2823323596887644,0.0033540164346805303
1.0,2.0,1.0,0.0,1.0,2.0,1.0,0.0,1453.0,0.75,0.56,0.1982,25.0,0.96,700.0,2.0,700.0,1.0,160.0,1.0,600.0,2.0,0.18999999999999995,0.7466666666666667,0.13640743289745352,-0.7614801871177144,0.0033540164346805303
1.0,2.0,1.0,0.0,1.0,2.0,1.0,0.0,1453.0,0.75,0.56,0.1982,25.0,0.99,700.0,2.0,700.0,1.0,160.0,1.0,600.0,2.0,0.18999999999999995,0.7466666666666667,0.13640743289745352,0.0,0.0033540164346805303
1.0,2.0,1.0,0.0,1.0,2.0,1.0,0.0,1453.0,0.75,0.56,0.1982,25.0,1.0,700.0,2.0,700.0,1.0,160.0,1.0,600.0,2.0,0.18999999999999995,0.7466666666666667,0.13640743289745352,0.2487582713292023,0.0033540164346805303
0.0,2.0,2.0,2.0,1.0,0.0,2.0,0.0,275.0,0.01,0.01,0.0033,25.0,1.0,700.0,2.0,700.0,1.0,600.0,3.0,600.0,2.0,0.0,1.0,0.011999999999999999,0.2487582713292023,0.0033540164346805303
0.0,2.0,2.0,2.0,1.0,0.0,2.0,0.0,244.0,0.03,0.03,0.029,25.0,1.0,700.0,2.0,700.0,1.0,600.0,3.0,600.0,2.0,0.0,1.0,0.11885245901639345,0.2487582713292023,0.0033540164346805303
0.0,2.0,2.0,2.0,1.0,0.0,2.0,0.0,184.0,0.1,0.09685240387440736,0.0654,25.0,1.0,700.0,2.0,700.0,1.0,600.0,3.0,600.0,2.0,0.00314759612559265,0.9685240387440736,0.35543478260869565,0.2487582713292023,0.0033540164346805303
0.0,2.0,2.0,2.0,1.0,0.0,2.0,0.0,228.0,0.12,0.11353820568546841,0.0806,25.0,1.0,700.0,2.0,700.0,1.0,600.0,3.0,600.0,2.0,0.006461794314531588,0.9461517140455701,0.35350877192982455,0.2487582713292023,0.0033540164346805303
0.0,2.0,2.0,2.0,1.0,0.0,2.0,0.0,197.0,0.29,0.0614973617310621,0.1004,25.0,1.0,700.0,2.0,700.0,1.0,600.0,3.0,600.0,2.0,0.22850263826893788,0.2120598680381452,0.5096446700507614,0.2487582713292023,0.0033540164346805303
0.0,2.0,2.0,2.0,1.0,0.0,2.0,0.0,289.0,0.25,0.11405103668173863,0.0845,25.0,1.0,700.0,2.0,700.0,1.0,600.0,3.0,600.0,2.0,0.13594896331826137,0.45620414672695453,0.2923875432525952,0.2487582713292023,0.0033540164346805303
0.0,2.0,2.0,2.0,1.0,0.0,2.0,0.0,262.0,0.27,0.09691714221639991,0.1044,25.0,1.0,700.0,2.0,700.0,1.0,600.0,3.0,600.0,2.0,0.1730828577836001,0.3589523785792589,0.3984732824427481,0.2487582713292023,0.0033540164346805303
3.0,4.0,2.0,2.0,1.0,0.0,2.0,0.0,728.7268527607363,0.4376441717791411,0.2824795333800638,0.05,30.0,1.0,700.0,2.0,700.0,1.0,700.0,1.5,600.0,2.0,0.1551646383990773,0.6454548046000673,0.06861281399275754,0.29850992559504275,0.003298697014679202
3.0,4.0,2.0,2.0,1.0,0.0,2.0,0.0,271.895,0.19,0.102,0.1,30.0,1.0,700.0,2.0,700.0,1.0,700.0,1.5,600.0,2.0,0.08800000000000001,0.5368421052631579,0.36778903620883063,0.29850992559504275,0.003298697014679202
3.0,4.0,2.0,2.0,1.0,0.0,2.0,0.0,728.7268527607363,0.4376441717791411,0.2831806503577627,0.15,30.0,1.0,700.0,2.0,700.0,1.0,700.0,1.5,600.0,2.0,0.15446352142137842,0.6470568297677936,0.20583844197827258,0.29850992559504275,0.003298697014679202
3.0,4.0,2.0,2.0,1.0,0.0,2.0,1.0,226.391,0.167,0.086,0.1,30.0,1.0,700.0,2.0,700.0,1.0,700.0,1.5,600.0,2.0,0.08100000000000002,0.5149700598802395,0.4417136723633007,0.29850992559504275,0.003298697014679202
3.0,4.0,2.0,2.0,1.0,0.0,2.0,1.0,226.391,0.167,0.086,0.1,40.0,1.0,700.0,2.0,700.0,1.0,700.0,1.5,600.0,2.0,0.08100000000000002,0.5149700598802395,0.4417136723633007,0.3980132341267237,0.003193357815743254
3.0,4.0,2.0,2.0,1.0,0.0,2.0,1.0,226.391,0.167,0.086,0.1,50.0,1.0,700.0,2.0,700.0,1.0,700.0,1.5,600.0,2.0,0.08100000000000002,0.5149700598802395,0.4417136723633007,0.4975165426584046,0.0030945381401825778
3.0,4.0,2.0,2.0,1.0,0.0,2.0,1.0,226.391,0.167,0.086,0.1,60.0,1.0,700.0,2.0,700.0,1.0,700.0,1.5,600.0,2.0,0.08100000000000002,0.5149700598802395,0.4417136723633007,0.5970198511900855,0.0030016509079994
3.0,4.0,2.0,2.0,1.0,0.0,2.0,0.0,271.895,0.19,0.102,0.1,40.0,1.0,700.0,2.0,700.0,1.0,700.0,1.5,600.0,2.0,0.08800000000000001,0.5368421052631579,0.36778903620883063,0.3980132341267237,0.003193357815743254
3.0,4.0,2.0,2.0,1.0,0.0,2.0,0.0,271.895,0.19,0.102,0.1,50.0,1.0,700.0,2.0,700.0,1.0,700.0,1.5,600.0,2.0,0.08800000000000001,0.5368421052631579,0.36778903620883063,0.4975165426584046,0.0030945381401825778
3.0,4.0,2.0,2.0,1.0,0.0,2.0,0.0,271.895,0.19,0.102,0.1,60.0,1.0,700.0,2.0,700.0,1.0,700.0,1.5,600.0,2.0,0.08800000000000001,0.5368421052631579,0.36778903620883063,0.5970198511900855,0.0030016509079994
